id,title,price,sold,condition,assurance,weight,seller,description
0,,,,,,,,
1,PROYEK APLIKASI ANDROID DENGAN VISUAL STUDIO XAMARIN DAN CODEIGNITER,Rp75.000,Terjual 2 Produk,Baru,Ya,400gr,Jovans Book Store,"Judul : Proyek Aplikasi ANDROID dengan Visual Studio Xamarin dan Codeigniter
Penulis : Ipung Purwono
Harga : Rp. 85.000
Tebal Buku : 222 Halaman
Dimensi (L x P) : 14 x 21 Cm (Standar)
Tanggal Terbit : 20 Maret 2018"
2,Artificial Intelligence mengupas rekayasa kecerdasan tiruan,Rp130.000,Terjual 4 Produk,Baru,Ya,1000gr,Jovans Book Store,": Komputer (Teknik)
ISBN: 978-623-01-0293-6
Penulis: Imam Robandi
Ukuran⁄Halaman: 19x23 cm² ⁄ xxxvi+564 halaman
Edisi⁄Cetakan: I, 1st Published
Tahun Terbit: 2019
Berat: 900 gram
Harga: Rp 176.000,- Diskon 20%
Harga Diskon: Rp 140.800,-"
3,buku pemrograman javascript untuk aplikasi web,Rp100.000,Terjual 16 Produk,Baru,Opsional,700gr,Jovans Book Store,"Penerbit informatika

Buku original 100%

Harga normal 135.000

Diskon 20%

Silakan di order"
4,buku aplikasi smart report,Rp104.000,Terjual 5 Produk,Baru,Opsional,600gr,Jovans Book Store,"Penerbit informatika

Buku di jamin original 100%

Harga normal 135.000

Diskon 20%

Beli banyak lebih murah

Silakan di order:)"
5,"Buku Sakti Pemrograman Web HTML, CSS, PHP, MySQL dan JavaScript",Rp50.000,Terjual 113 Produk,Baru,Opsional,250gr,Buku ID,"ISBN : 978-602-6673-34-3
Penerbit : Komputer dan Tehnologi
Kategori : Website Design
Jenis Cover : Ivory 210 gram (Doftspot)
Kertas Isi : Bookpaper 52 gram (BW)
Tebal Buku : 216 Halaman
Berat Buku : 200 gram
Dimensi : 14 x 20 cm
Tahun Terbit : 2017

Buku Pemrograman Web ini mengenalkan bagian dari sebuah pembentukan pemrograman web. Buku ini sebagian besar menyajikan langkah-langkah program yang disusun secara terstruktur. Dengan adanya langkah-langkah program tersebut, diharapkan pembaca dapat mempraktikkan secara langsung dan dapat menyimpulkan sendiri maksud dari setiap perintah dalam program dengan cara melihat hasil yang ditampilkan di web browser.

Buku ini sangat cocok bagi pembaca pemula yang baru memulai dunia pemrograman secara mandiri karena langkah-langkah dalam buku ini disajikan sesederhana mungkin. Buku ini cocok digunakan sebagai bahan pembelajaran, baik di perguruan tinggi, sekolah maupun kursus-kursus"
6,Buku Fundamental Of Python For Machine Learning,Rp45.000,Terjual 155 Produk,Baru,Opsional,250gr,Buku ID,"Penulis : Teguh Wahyono
Ukuran : 16 x 23 cm
Tebal : x + 150 hal
ISBN : 9786025568404
Tahun : 2018
Harga : 59.000 (Pulau Jawa)

Artificial intelligence  (AI) dan machine learning saat ini kembali memasuki fase booming setelah beberapa dekade mengalami pasang surut. Kecerdasan Buatan kembali digandrungi, dimana penerapannya dilakukan secara masive pada aplikasi-aplikasi bisnis dan social media jaman now seperti Facebook, Twitter, Google, Amazon, dan bahkan berbagai aplikasi besar dari Indonesia seperti Go-jek, Tokopedia, dan sebagainya.

Dari sisi Bahasa Pemrograman, Python menjadi salah satu pilihan terbaik untuk mengimplementasikan machine learning, mengingat kelengkapan library yang dibutuhkan untuk metode tersebut. Sejak di-release pada tahun  1991 bahasa pemrograman inipun berkembang pesat dan bahkan menjadi 3 besar most wanted bahasa pemrogaman bersama Java dan C.

Struktur pembahasan dalam buku ini meliputi 3 bagian besar yaitu
(1) Konsep Machine Learning dan Kecerdasan Buatan
(2) Dasar-Dasar Pemrograman Python untuk Machine Learning  serta
(3) Contoh Penerapan Machine Learning Menggunakan Python dengan menerapkan beberapa algoritma baik Supervised maupun Unsupervised Learning.

Beberapa studi kasus dibahas secara lengkap dari pemahaman algoritma, mengolah dataset sampai pada training dan testing serta visualisasi hasil dari model machine learning yang dikembangkan. "
7,Buku Javascript Jalan pintas menjadi master react js plus CD,Rp75.000,Terjual 77 Produk,Baru,Opsional,300gr,kulakanid,"Penulis/Pembuat : Lukmanul Hakim
Kode Produk : LOKO-182
ISBN : 978-602-62311-9-2
Tahun Terbit : Oktober 2018
Jumlah Halaman/Durasi : 114
Bonus : CD Video Tutorial dan Full Color

Pengen tau caranya bikin Aplikasi Zaman Now? Anda harus kenal dengan ReactJS, sebuah library Javascript untuk membangun User Interface yang dibuat oleh Facebook. Aplikasi yang dibuat ReacJS terlihat super cepat, stabil, responsif, interaktif dan cool.

Banyak perusahaan ternama yang menggunakan React, terutama startup, seperti Gojek, Grab, Traveloka, Tokopedia, Buk4l4p4k, Netflix, BBC, Instagram, Paypal, WhatsApp, Dropbox, Airbnb dan Facebook tentunya.

Buku ini diawali dengan Pengenalan ReactJS, Cara Termudah Instalasi React, Dasar React (Component, Props, State, Event, Router, Transition, JSON), kemudian diterapkan dalam membuat proyek aplikasi nyata, seperti Aplikasi Aktivitas Harian, Aplikasi Homestay dan Single Page Application.

Selain itu, buku disajikan dalam bentuk Langkah demi Langkah disertai Visualisasi Diagram. Penjelasan tiap baris code yang telah disederhanakan sedemikian rupa. Format buku Full Color (semua halaman berwarna yang akan memanjakan mata Anda dalam menikmati pembelajaran React).

Dengan begitu, buku ini sangat praktis dan aplikatif, dirancang untuk 7 jam masa pembelajaran, sehingga Anda dapat menguasai ReactJS dengan cepat. Untuk lebih memudahkan Anda, disertakan pula CD berisi Software, Source Code dan Video Tutorial."
8,TERMURAH ORIGINAL BESTSELLER Buku Algoritma & Pemrograman - Rinaldi M,Rp94.500,Terjual 97 Produk,Baru,Opsional,760gr,Gerai 212,"Selama barang tampil, berarti READY Kak..

Kelebihan buku komputer di Gerai 212:
1.Buku dijamin ORIGINAL 100% tersegel
2.HARGA MAHASISWA (Diskon 21,2%)
3.Packing Rapi
4.Pelayanan Cepat
5.Reputasi Toko 5.0

Silakan diORDER Kakak.. :)

INGIN BUKU ALGORITMA YANG PALING BANYAK DIGUNAKAN DI SELURUH PERGURUAN TINGGI DI INDONESIA?? Inilah bukunya. Saking sering dipakainya, buku ini sudah direvisi dan dan cetak ulang 6 kali! ALGORITMA DAN PEMROGRAMAN DALAM BAHASA PASCAL, C, DAN C++ EDISI KEENAM

Penulis : RINALDI MUNIR
Penerbit : INFORMATIKA
ISBN : 602-1514-91-7
Tahun : Febuari 2016
Tebal : 682 Hal


Buku Algoritma dan Pemrograman dalam Bahasa Pascal, C, dan C++ merupakan edisi baru dari buku sebelumnya, yaitu Algoritma dan Pemrograman dalam Bahasa Pascal dan C. Materi yang dibahas di dalam Buku ini meliputi: Konsep dasar algoritma dan pemrograman Tipe data, operator, dan Ekspresi Konstruksi dasar pembangun algoritma: runtunan, pemilihan, pengulangan Pemrograman modular: fungsi dan prosedur Larik (array) dan matriks Algoritma pencarian (searching) dan algoritma pengurutan (sorting) Arsip beruntun (sequential file) Algoritma rekursif Pengantar pemrograman dengan bahasa Java Setiap materi diperkaya dengan banyak contoh pemecahan masalah. Notasi algoritma yang digunakan adalah notasi abstrak berupa pseudo-code. Notasi pseudo-code dibuat sedemikian sehingga ia mudah diterjemahkan (translasi) ke dalam notasi bahasa pemrograman. Bahasa pemrograman yang digunakan di dalam buku ini adalah Bahasa Pascal, Bahasa C, dan Bahasa C++. Bahasa Pascal dipilih bahasa pemrograman terstruktur untuk level pendidikan, sedangkan bahasa C dan C++ dipilih karena populer, simpel, dan banyak digunakan untuk level riset dan industri perangkat lunak. Kompilator (compiler) bahasa Pascal/C yang digunakan boleh sembarang, namun buku ini menggunakan kompilator yang free dan dapat di-download dari internet, yaitu Free Pascal dan GCC (GNU C Compiler)"
9,TERMURAH ORIGINAL BUKU UNITY TOTURIAL GAME ENGINE EDISI REVISI,Rp106.300,Terjual 148 Produk,Baru,Opsional,750gr,Gerai 212,"Selama barang tampil, berarti READY Kak..

Kelebihan buku komputer di Gerai 212:
1.Buku dijamin ORIGINAL 100% tersegel
2.HARGA MAHASISWA (Diskon 21,2%)
3.Packing Rapi
4.Pelayanan Cepat
5.Reputasi Toko 5.0

Silakan diORDER Kakak.. :)

Agar Lebih AMAN, Kakak bisa tambahkan Bubble Wrap dalam Orderan Kakak pada link dibawah ini:
https://www.tokopedia.com/gerai212/bubble-wrap-untuk-tambahan-packing-gerai-212?n=1

Judul : Unity Tutorial Game Engine Edisi Revisi -2
Penulis : Rickman Roedavan
Penerbit : Informatika
Tahun Terbit : 2018

Versi 2017.x merupakan siklus terbaru pengembangan game engine Unity yang lebih menitikberatkan pada performa core engine serta dukungan untuk game berbasis XR (eXtended Reality). Selain itu, dukungan fitur terbaru Timeline dan Cinemachine menjadikan Unity tidak hanya mampu membuat game tetapi juga film animasi 3D.

Penulis berharap, semoga buku ini dapat menjadi jalan pembuka bagi anda semua yang ingin mempelajari Unity.

Pembahasan;
Hello World Unity
Data Type
Array & Class
Looping Function
Keyboard Input
Mouse Input
Android Input
Fade In Splash Screen
GUIskin Menu
Sound Option
Find & Rotate
Camera Manipulation
Toggle Material
Clone Ball
Translate Cube
Raycast Cube
Shooting Target
Simple Animation
Jepret Webcam
Go Par ticle!
UI System
Movie Texture
Loading Screen
Vir tual Keyboard
Video Player
XML Parser
UDP Client Server
High Score Table
Timeline Editor
Cinema Chine
Hello Terrain 3D
Day And Night
Hello Terrain 2D
Jungle Illusion
Kiky Si Kancil
Attack On Kancil
Sprite Character
Anima2D
Par ticle Magic
PHP & MySQL
Visual Novel
Augmented Reality
Face Recognition
Unity ADS
Vir tual Reality
Text Mesh Pro
RPG Tilemap
Movie Recording
Cinematic FX"
10,TERMURAH ORIGINAL Buku Logika Algoritma & Pemrograman Dasar - Rosa A S,Rp141.800,Terjual 75 Produk,Baru,Opsional,965gr,Gerai 212,"Selama barang tampil, berarti READY Kak..

Kelebihan buku komputer di Gerai 212:
1.Buku dijamin ORIGINAL 100% tersegel
2.HARGA MAHASISWA (Diskon 21,2%)
3.Packing Rapi
4.Pelayanan Cepat
5.Reputasi Toko 5.0

Silakan diORDER Kakak.. :)

Agar Lebih AMAN, Kakak bisa tambahkan Bubble Wrap dalam Orderan Kakak pada link dibawah ini:
https://www.tokopedia.com/gerai212/bubble-wrap-untuk-tambahan-packing-gerai-212?n=1

Penerbit : Modula
Penulis : Rosa A. S.
Tahun : 2018
Tebal Buku : 866 Halaman
Berat : 965

Pembahasan Buku :
- Pendahuluan Algoritma dan Pemrograman
- Komentar
- Tipe Data
- Masukan (Input) dan Jeluaran (Output)
- Operator
- Array (Larik)
- Percabangan / Pemilihan IF
- Perulangan (Looping)
- Prosedur
- Fungsi
- Matriks Dalam Larik (Array) Dua Dimensi
- Rekursif
- Pengurutan (Sorting)
- Penggabungan Larik
- Pencarian (Searching)
- Arsip Beruntun (Sequential File)
- Mesin Abstrak
- Flowchart

Algoritma harus dibuat secara runut agar komputer mengerti dan mampu mengeksekusinya. Analisis kasus sangat dibutuhkan dalam membuat sebuah algoritma, misalnya proses apa saja yg sekiranya dibutuhkan untuk menyelesaikan masalah yg harus diselesaikan. Ketajaman dalam menganalisis sebuah kasus dapat dilatih dengan berlatih menyelesaikan kasus-kasus algoritma, mulai dari yg paling sederhana sampai rumit. Kesabaran sangat dibutuhkan dalam mempelajari algoritma.

Esensi dari belajar algoritma adalah membuat solusi untuk menyelesaikan permasalahan, jadi hasilnya adalah dapat menyelesaikan permasalahan. Maka sangat tidak sesuai dengan esensi jika algoritma dipelajari dengan hanya tahu pola-pola atau teknik-teknik algoritma tapi tidak mampu secara logika menyelesaikan masalah yg berbeda-beda. Maka dari itu sangat dibutuhkan latihan soal dalam mempelajari algoritma dan pemrograman agar logika terlatih untuk membuat solusi dari permasalahan."
11,Buku Arduino: Belajar Cepat dan Pemrograman,Rp55.000,Terjual 58 Produk,Baru,Opsional,480gr,Buku ID,"Bahasan Meliputi :
- Konsep Listrik dan Elektronika
- Pengenalan Berbagai Macam Arduino Board
- Penggunaan Board Arduino NG/ Older (Severino), Arduino Uno, Arduino Mega 2560, Arduino Mega ADK
- Pengenalan Software IDE Arduino
- Bahasa Pemrograman Arduino berbasis C
- Input/ Output Digital Arduino
- Input/ Output Analog Arduino"
12,TERMURAH ORIGINAL Buku Pemrograman Android FLUTTER + CD - BUDI RAHARJO,Rp74.800,Terjual 127 Produk,Baru,Opsional,460gr,Gerai 212,"Selama barang tampil, berarti READY Kak..

Kelebihan buku komputer di Gerai 212:
1.Buku dijamin ORIGINAL 100% tersegel
2.HARGA MAHASISWA (Diskon 21,2%)
3.Packing Rapi
4.Pelayanan Cepat
5.Reputasi Toko 5.0

Silakan diORDER Kakak.. :)

Agar Lebih AMAN, Kakak bisa tambahkan Bubble Wrap dalam Orderan Kakak pada link dibawah ini:
https://www.tokopedia.com/gerai212/bubble-wrap-untuk-tambahan-packing-gerai-212?n=1

Judul : Pemrograman Android dengan Flutter + CD
Penulis : Budi Raharjo
Penerbit : Informatika
Terbitan : April 2019

Salah satu frarnework atau Software Development
Kit (SDK) untuk pengembangan aplikasi mobile yang dapat berjalan di
sistem operasi iOS dan Android. Meskipun Flutter dapat digunakan untuk
aplikas iOS. namun buku ini hanya membahas tentang
penggunaan Flutter untuk Android Flutter diciptakan oleh Google dan
dirilis pertama kall pada Mei 2017 (versi alpha). Pada Desernber 2018,
Google meluncurkan Flutter 1.0.0 (versi stabil). Flutter menggunakan
bahasa pernrograman Dart, yang juga diciptakan oleh Google dan dirilis
pertama kali pada Oktober 2013. Flutter merupakan framework baru yang
dirancang untuk rnempermudah dan mempercepat proses, yang dulunya harus ditulis menggunakan Objective-C atau Switt
(untuk i0S) dan Java atau Kotlin (untuk Androld). Dengan Flutter. kita
hanya perlu mernpelajari satu bahasa pemrograrnan (Dart) untuk membuat
aplikasi mobile yang dapat berjalan di dalam dua sistem operasi, iOS dan
Android.

Buku ini disapkan untuk membantu Anda dalam
mempelalari dasar-dasar aplikasi Android menggunakan Flutter
mulai dari nol. Pembahasan materi dalam buku ini dilakukan secara bertahap dan berurutan; mulai dari pengenalan Flutter dan Dart, instalasi"
13,PEMROGRAMAN ANDROID DENGAN FLUTTER DAN DART + CD,Rp73.000,Terjual 101 Produk,Baru,Ya,600gr,Belajar PHP,"Pengarang : Budi Raharjo
Penertbit : Informatika
Tahun Terbit : Mei 2019
Halaman : 368 Hlm

Buku ini berisi teknik teknik yang di perlukan untuk membuat aplikasi android menggunakan flutter, salah satu framework atau software developement kit (SDK) untuk pengembangan aplikasi mobile yang dapat berjalan di sistem operasi iOS dan android. meskipun flutter dapat digunakan untuk membuat aplikasi iOS , namun buku ini hanya membahas tentang penggunaan flutter untuk android.

Flutter diciptakan oleh google dan dirilis pertama kali pada mei 2017 versi alpha. pada Desember 2018 , googe meluncurkan flutter 1.0.0( versi stabil) flutter menggunakan bahasa pemrograman Dart, yang juga diciptakan oleh google dan dirilis pertama kali pada oktober 2013. Flutter merupakan framework baru yang dirancang untuk mempermudah danmempercepat proses membangun aplikasi mobile , yang dulunya harus ditulis menggunakan objective-c atau swift utuk ios. dan java atau kotlin untuk android. dengan Flutter, kita hanya mempelajari satu bahasa pemrograman (Dart) untuk embuat aplikasi mobile yang dapat berjalan didalam dua sistem operasi, iOS dan Android.

Buku ini disajikan untuk membantu anda dalam mempelajari dasar dasar membangun aplikasi android menggunakan flutter mulai dari nol. Pembahasan materi dalam buku ini dilakukan secara bertahap dan berurutan; mulai dari pengenalan Flutter dan Dart. installasi software yang dibutuhkan, konsep konsep esensial dalam bahasa pemrograman Dart, eksploreasi kelas kelas yang disediakan oleh Flutter, sampai ke penggunaan pustaka-pustaka umum yang dikembangkan oleh pihak ketiga.

Flutter bersifat cross-platform yang dapat dijalankan didalam komputer dengan sistem operasi Linux, windows, maupun MacOS. Dengan demikian anda dapat mempelajari flutter menggunakan ketiga sistem operasi tersebut

cek buku flutter lainnya --> https://www.tokopedia.com/belajar-php?keyword=flutter"
14,Buku Konsep dan Implementasi Pemrograman Laravel 7 Edisi Best Practice,Rp58.000,Terjual 82 Produk,Baru,Opsional,260gr,Buku ID,"Penulis/Pembuat : Lukmanul Hakim
Kode Produk : LOKO-188
ISBN : 978-602-6231-25-3
Tahun Terbit : Juni 2020
Jumlah Halaman/Durasi : 200
Bonus : Source Code

Buku ini akan membantu anda untuk mempelajari laravel 7 dengan mudah

Berikut beberapa materi yang dibahas didalam buku :
- Instalasi Laravel
- Composer dan Artisan
- Memahami Routing
- Blade Template Engine
- Database Migration
- Flash Message
- Penggunaan View dan Controller
- Validation dan Pagination
- Authentication (Login/Level User)
- Admin System (Back-End)
- Halaman Pengunjung (Front-End)
- Teknik Upload File/Foto
- Resize Image (Thumbnail)
- Model: Easy CRUD
- Eloquent: Relationship One to Many
- SEO URL Friendly
- Membuat Modul Album
- Membuat Modul Galeri Foto
- Membuat Modul Manajemen User
- Upload Proyek Laravel ke Hosting
- Security Modul dengan Middleware"
15,"Buku sakti pemrograman web HTML, CSS, PHP, MYSQL & JAVASCRIPT",Rp50.000,Terjual 117 Produk,Baru,Ya,300gr,Omviral Online Shop,"Mengapa beli ditempat kami :

Buku original , jaminan pasti sampai, harga terjangkau, packing aman free buble, klo paket salah kirim atau tidak sesuai bisa di retur atau tukar, trus ongkirnya siapa yang tanggung? tenang kami yang tanggung ,

Buku ini mengenalkan bagian dari sebuahpembentukan pemrograman web dan menyajikan langkahlangkah perogrm yang disususn sedara terstruktur. dengan adanya langkahlangkah program tersebut, diharapkan pembaca dapat mempraktikkan secara langsung dan dapat menyimpulna sendiri maksud dari setiap perintah dlamprogram dengan cara melihat hasil yang ditampilkan diweb browser.

buku ini sangat cocok bagi pembaca pemula yang baru memulai dunia pemrograman secra mandiri karena langkah langkah dalam buku ini disajikan sesederhana mungkin. Buku ini juga cocok digunakan sebagai bahan pembelajaran, baik di perguruan tinggi, sekolah mapun kursus kursus.

Mulai dari HTML dasar, pengenalan server , CSS php dan javascript semuanya dijabarkan denganbahasa yang sederhana namun tetap tak mengurangi konten yang ada. Selamat coding.!!"
16,"Buku sakti HTML, CSS & Javascript : Pemrograman Web itu Gampang",Rp54.500,Terjual 56 Produk,Baru,Opsional,250gr,Buku ID,"Nomor ISBN : 978-623-7324-51-5
Jenis Cover : Ivory 210 gram (SOFTCOVER)
Kertas Isi : Bookpapper (BW)
Tebal Buku : 268 Halaman

Bagi yang mau packing lebih aman, kami menghimbau add to cart/ Tambahkan dalam pembelian paket, Semakin banyak semakin aman.

https://www.tokopedia.com/idbuku/bubble-wrap-untuk-tambahan-packing"
17,DataCamp Premium Subscription (2 Months),Rp150.000,Terjual 109 Produk,Baru,Opsional,50gr,Dyhaz,"DataCamp Online Course Premium Access

Premium access untuk mengakses semua materi pada DataCamp (courses, projects, mobile app). Berlaku hingga 21 Januari 2021. Pengaktifan menggunakan sistem invite tim jadi hanya membutuhkan email aktif untuk upgrade ke account premium.

Cara pemesanan
> Masukkan produk ke keranjang lalu checkout.
> Cantumkan email aktif (bisa yang sudah terdaftar atau belum) di catatan.
> Lanjutkan ke pembayaran dengan pilihan yang tersedia.
> Order diproses jika pembayaran terkonfirmasi.

!!!Alamat Pengiriman menggunakan alamat asli, karena bukti pembelian tetap akan dikirim karena harus pakai kurir!!!

DataCamp merupakan platform pembelajaran interaktif untuk mendalami data science. bahasa pemrograman R, Python, SQL & Spark yang dapat diakses dari browser dengan pilihan lebih dari 100 kursus.

==============================================================
Keyword

Akun datacamp murah, Belajar python, kursus big data, Analytics, Database, Data insight, Visualization, Marketing, Decision Making, Data science, Cloud, NoSQL, XML, BI, Business intelligence, data-driven"
18,TERMURAH ORIGINAL Buku Pemrograman C Dan C++,Rp59.100,Terjual 70 Produk,Baru,Opsional,345gr,Gerai 212,"Selama barang tampil, berarti READY Kak..

Kelebihan buku komputer di Gerai 212:
1.Buku dijamin ORIGINAL 100% tersegel
2.HARGA MAHASISWA (Diskon 21,2%)
3.Packing Rapi
4.Pelayanan Cepat
5.Reputasi Toko 5.0

Silakan diORDER Kakak.. :)

Agar Lebih AMAN, Kakak bisa tambahkan Bubble Wrap dalam Orderan Kakak pada link dibawah ini:
https://www.tokopedia.com/gerai212/bubble-wrap-untuk-tambahan-packing-gerai-212?n=1

Penerbit : Informatika
Pengarang : Adam Mukharil Bachtiar
Tahun : 2018
Tebal Buku : 290 Halaman

Pembahasan Buku :
- Program Pertama C dan C ++
- Tipe Data, variabel, dan Operasi Perhitungan
- Input dan Output Data
- Percabangan
- Perulangan
- Functoin
- Array
- Struct
- String dan Manipulasinya
- Pointer
- Operasi File

Buku Pemrograman C & C++ ini ditujukan untuk pengembang perangkat lunak pemula, mahasiswa, dosen atau siapapun yg ingin mempelajari lebih dalam mengenai konsep dan fundamental dari Bahasa C dan C++. Buku ini berisi pembahasan teknis dari bahasa pemrograman c dan c++, diawali dengan pembahasan tingkat dasar hingga tingkat menengah seperti pengenalan tipe data, input dan output data, percabangan, perulangan, function, array, struct, string dan manipulasinya, pointer hingga penggunaan operasi file. Buku ini juga dilengkapi dengan contoh program berdasarkan studi kasus yg menarik dan mudah untuk diterapkan, sehingga pembaca akan lebih mudah untuk memahami materi yg disampaikan."
19,Buku Jalan Pintas Menjadi Master ReactJS,Rp79.500,Terjual 55 Produk,Baru,Opsional,300gr,Buku ID,"BUKU VERSI HITAM PUTIH = TIDAK BERWARNA

Penulis/Pembuat : Lukmanul Hakim
Kode Produk : LOKO-182
ISBN : 978-602-62311-9-2
Tahun Terbit : Oktober 2018
Jumlah Halaman/Durasi : 114
Bonus : CD Video Tutorial dan Full Color

Pengen tau caranya bikin Aplikasi Zaman Now? Anda harus kenal dengan ReactJS, sebuah library Javascript untuk membangun User Interface yang dibuat oleh Facebook. Aplikasi yang dibuat ReacJS terlihat super cepat, stabil, responsif, interaktif dan cool.

Banyak perusahaan ternama yang menggunakan React, terutama startup, seperti Gojek, Grab, Traveloka, Tokopedia, Bukalapak, Netflix, BBC, Instagram, Paypal, WhatsApp, Dropbox, Airbnb dan Facebook tentunya.

Buku ini diawali dengan Pengenalan ReactJS, Cara Termudah Instalasi React, Dasar React (Component, Props, State, Event, Router, Transition, JSON), kemudian diterapkan dalam membuat proyek aplikasi nyata, seperti Aplikasi Aktivitas Harian, Aplikasi Homestay dan Single Page Application.

Selain itu, buku disajikan dalam bentuk Langkah demi Langkah disertai Visualisasi Diagram. Penjelasan tiap baris code yang telah disederhanakan sedemikian rupa. Format buku Full Color (semua halaman berwarna yang akan memanjakan mata Anda dalam menikmati pembelajaran React).

Dengan begitu, buku ini sangat praktis dan aplikatif, dirancang untuk 7 jam masa pembelajaran, sehingga Anda dapat menguasai ReactJS dengan cepat. Untuk lebih memudahkan Anda, disertakan pula CD berisi Software, Source Code dan Video Tutorial."
20,"Buku Pengantar Logika Informatika, Algoritma Dan Pemrograman Komputer",Rp30.400,Terjual 77 Produk,Baru,Opsional,174gr,Buku ID,"Kategori(Sub): Komputer (Literatur Komputer)
ISBN: 979-763-004-8
Penulis: Heri Sismoro, S.Kom.
Ukuran'Halaman: 14x21 cm' ' x+102 halaman
Edisi'Cetakan: I, 5th Published
Tahun Terbit: 2006

Buku Pengantar Logika Informatika, Algoritma, dan Pemrograman Komputer memberikan penjelasan tentang dasar-dasar logika, algoritma, serta pemrograman komputer. Pada setiap contoh algoritma penyelesaian masalah selalu diserta dengan contoh implementasinya pada bahasa pemrograman, sehingga pembaca dapat langsung memahami bagaimana menyajikan algoritma yang baik serta mengimplementasikannya dalam bentuk program.
Bahasa pemrograman QBasic dipilih sebagai contoh implementasi algoritma, karena bahasa tersebut mudah dipelajari oleh programmer pemula.

Pokok bahasan buku ini meliputi :
Logika Informatika
- Logika Proposisional
- Logika Predikat
- Logika Kombinasional

Algoritma
- Pseudocode
- Flowchart

Pemrograman
- Struktur Runtunan
- Struktur Percabangan
- Struktur Perulangan
- Subrutin
- Rekursi

Pada akhir bab disajikan contoh soal dan penyelesaiannya (algoritma, program, dan keluarannya, serta latihan soal-soal latihan.

Selamat belajar, semoga Anda menjadi programmer yang handal''!!!"
21,TERMURAH ORIGINAL Buku Mudah Belajar Python - Budi Raharjo,Rp110.300,Terjual 203 Produk,Baru,Opsional,775gr,Gerai 212,"Selama barang tampil, berarti READY Kak..

Kelebihan buku komputer di Gerai 212:
1.Buku dijamin ORIGINAL 100% tersegel
2.HARGA MAHASISWA (Diskon 21,2%)
3.Packing Rapi
4.Pelayanan Cepat
5.Reputasi Toko 5.0

Silakan diORDER Kakak.. :)

Agar Lebih AMAN, Kakak bisa tambahkan Bubble Wrap dalam Orderan Kakak pada link dibawah ini:
https://www.tokopedia.com/gerai212/bubble-wrap-untuk-tambahan-packing-gerai-212?n=1]

Python adalah bahasa pemrograman
multi-platform yang bersifat free dan open-source,
dan dapat digunakan untuk aplikasi aplikasi desktop maupun web. Python memiliki pustaka standar
(Python Standard Library) yang sangat lengkap sehingga dapat
memenuhi berbagai macam permasalahan-permasalahan riil di
dalam dunia pemrograman, sebagai alternatif dari bahasa-bahasa
pemrograman lain.

Dibandingkan dengan bahasa lain, Python memiliki sintaks yang lebih
sederhana dan mudah dipahami. Kesederhanaan sintaks Python
menjadikan bahasa ini banyak diminati oleh para programmer sebagai
alat untuk mengembangkan aplikasi-aplikasi yang mereka inginkan;
baik yang berjenis desktop, web, maupun aplikasi antarmuka untuk
mengakses mikrokontroler. Selain itu, Python juga banyak digunakan
sebagai sarana untuk mempelajari konsep-konsep algoritma,
pemrograman, dan struktur data bagi para mahasiswa; atau bahkan
bagi orang-orang yang sebelumnya tidak memiliki latar belakang
pengetahuan di bidang pemrograman komputer.

Edisi revisi buku ini hanya membahas tentang Python 3. Pembahasan
yang berkaitan dengan Python 2 telah dihilangkan dan seluruh contoh
kode program sudah dikonversi ke dalam Python 3 (menggunakan
Python 3.7.2). Materi baru yang ditambahkan adalah pemrograman
GUI menggunakan PyQt dan pemrograman web menggunakan Flask.
Materi tentang web menggunakan teknologi
Common Gateway Interface (CGI) dihilangkan."
22,TERMURAH ORIGINAL Buku Deep Learning Modernisasi Machine Learning,Rp55.100,Terjual 89 Produk,Baru,Opsional,320gr,Gerai 212,"Selama barang tampil, berarti READY Kak..

Kelebihan buku komputer di Gerai 212:
1.Buku dijamin ORIGINAL 100% tersegel
2.HARGA MAHASISWA (Diskon 21,2%)
3.Packing Rapi
4.Pelayanan Cepat
5.Reputasi Toko 5.0

Silakan diORDER Kakak.. :)

Agar Lebih AMAN, Kakak bisa tambahkan Bubble Wrap dalam Orderan Kakak pada link dibawah ini:
https://www.tokopedia.com/gerai212/bubble-wrap-untuk-tambahan-packing-gerai-212?n=1

Pengarang : Dr. Suyanto, Kurniawan Nur Ramadhani, Satria Mandala
Tahun Terbit : Oktober 2019
Penerbit : Informatika
Tebal : 250 Halaman

Unsupervised Learning | Convolutional Neural Networks | Capsule Networks | Recurrent
Neural Networks | Deep Reinforcement Learning | Lifelong Learning | Evolving
Deep Neural Networks | Seleksi dan Estimasi Model | Pemrosesan Teks | Pemrosesan
Citra | Pemrosesan Suara | Pemrosesan Video | Pemrosesan Multimodal

Buku ini memberikan penjelasan dan ilustrasi sederhana mengenai konsep dasar dari
empat pendekatan DL serta aplikasinya dalam berbagai bidang terkini berkaitan
dengan big data yang tidak terstruktur:teks, citra suara, dan video Buku ini
juga mendiskusikan penelitian awal tentang pengenalan ucapan audiovisual Bahasa
Indonesia. Pembahasan diberikan dari konsep dasar paling simpel dan secara
perlahan ke ide-ide besar yang semakin kompleks. Setiap model dibahas dari ide
dasar, motivasi, visualisasi, formulasi matematis, hingga contoh aplikasinya."
23,Buku Pemograman Web Edisi Revisi + CD PRIYANTO HIDAYATULLAH,Rp100.000,Terjual 159 Produk,Baru,Opsional,500gr,Omviral Online Shop,"PEMROGRAMAN WEB (All in One)
HTML | CSS | JavaScript| Power Designer | XAMPP | MySQL | PHP | CodeIgniter | Jquery | AngularJS

BEST SELLER GRAMEDIA 2015 - 2017

Penulis:PRIYANTO HIDAYATULLAH
JAUHARI KHAIRUL KAWISTARA
Penerbit:INFORMATIKA
Tahun Terbit Terbaru: Desember 2016
Berat Buku:0.55Kg.

Buku Pemrograman Web : Studi Kasus Web Sistem Informasi Akademik inicocok untuk Mahasiswa/siswa SMK dalam menyelesaikan tugas mata kuliah Pemrograman Web dan tugas akhir dengan topik web atau sistem informasi. Buku ini juga cocok untuk freelance programmer maupun programmer profesional yang bekerja di perusahaan serta orang awam terhadap dunia pemrograman web karena dijelaskan dari nol secara runut dan terperinci dengan bahasa yang sederhana dan mudah dimengerti.

DAFTAR ISI:

- HTMl
Mengenal HTMl sebagai Bahasa Utama Pemrograman web serta pengenalan HTMl 5
- CSS
Mempelajari CSS Untuk Melayout Web agar rapi dan indah
- Javascript
Mempelajari Javascript untuk meningkatkan interaktivitas web anda
- XAMPP
Mempelajari instalasi fitur dan Konfigurasi XAMPP dengan mudah dan cepat
- Database
Mempelajari Konsep dan cara perancangan
- Power Designer
Membuat ERD dengan Power Designer dan Menjadikan tabel tabel dalam MYSQL
- MySQL
Mempelajari MySQL dengan PHP My Admin Serta script- Script (SELECT,INSERT,UPDATE,DELETE,TRIGGER,StORED PROCEDURE)
- PHP
Mempelajari PHP dari nol sebagai bahasa yang mudah di pelajari untuk membuat sebuag web dinamis
- CODEIGNITER
Mempelajari CODEIGNITER sebagai Framework paling terkenal untuk membangun web dinamis berbasis PHP
- STUDI KASUS WEB AKADEMIK
Membuat web akademik dengan frontend dan Backend-nya menggunakan codeigniter
- jQuery
Membuat menu menarik dengan cepat menggunakan jQuery
- Angular JS
Meningkatkan Interaktivitas web dengan AngularJ"
24,TERMURAH ORIGINAL Buku PEMROGRAMAN BERORIENTASI OBJEK MENGGUNAKAN JAVA,Rp55.100,Terjual 103 Produk,Baru,Opsional,350gr,Gerai 212,"Selama barang tampil, berarti READY Kak..

Kelebihan buku komputer di Gerai 212:
1.Buku dijamin ORIGINAL 100% tersegel
2.HARGA MAHASISWA (Diskon 21,2%)
3.Packing Rapi
4.Pelayanan Cepat
5.Reputasi Toko 5.0

Silakan diORDER Kakak.. :)

Agar Lebih AMAN, Kakak bisa tambahkan Bubble Wrap dalam Orderan Kakak pada link dibawah ini:
https://www.tokopedia.com/gerai212/bubble-wrap-untuk-tambahan-packing-gerai-212?n=1

Bahasan Meliputi :

*Halo Java
*Struktur Kontrol,Method, dan Struktur Data Sederhana
*Pemrograman Berorientasi Objek
*Implementasi Pemrograman Berorientasi Objek
*Generic Programming dan Collection
*Relasi Pada Diagram Kelas dan Penerapannya
*Exception dan Error Handling
*Concurrent Programming
*Ekspresi Lambda
*GUI Menggunakan JAVAFX"
25,ORIGINAL Buku Machine Learning Tingkat Dasar dan Lanjut - Suyanto,Rp102.400,Terjual 107 Produk,Baru,Opsional,540gr,Gerai 212,"Selama barang tampil, berarti READY Kak..

Kelebihan buku komputer di Gerai 212:
1.Buku dijamin ORIGINAL 100% tersegel
2.HARGA MAHASISWA (Diskon 21,2%)
3.Packing Rapi
4.Pelayanan Cepat
5.Reputasi Toko 5.0

Silakan diORDER Kakak.. :)

Agar Lebih AMAN, Kakak bisa tambahkan Bubble Wrap dalam Orderan Kakak pada link dibawah ini:
https://www.tokopedia.com/gerai212/bubble-wrap-untuk-tambahan-packing-gerai-212?n=1

Pengarang : Suyanto
Penerbit : Informatika
Tahun : 2018
Tebal : 466 Halaman

Pembahasan Buku Meliputi :
- Regresi
- Decision Tree Learning
- Bayesian Learning
- Artifician Neural Nenwork
- Support Vector Machine
- Instance - Based Learning
- Nature - Inspired Learning
- Unsupervised Learning
- Reinforcement Learning
- Ebsmble Learning
- Dep Learning
- Ukuran Performansi
- Teknik Validasi Model
- Himpunan Data
- Aplikasi Machine Learning

Buku ini memberi anda gambaran holistik dan simpel mengenai konsep dasar machine learning, teknik-teknik dan metode-metode tingkat dasar dan tingkat lanjut, serta aplikasinya dalam berbagai bidang terkini. Pembahasan dimulai dari konsep dasar paling sederhana hingga yg kompleks dengan gradasi yg lembut. Setiap teknik dan metode dibahas dari ide dasar, motivasi, visualisasi, formulasi matematis,hingga contoh aplikasinya. Pada setiap teknik learning dibahas sejumlah metode beserta variansinya. Selain itu, buku ini akan memandu anda memahami beragam masalah, dari yg simpel hingga yg rumit, dengan berbagai karakteristik berbeda. Dengan demikian, anda akan terlatih untuk memahami masalah secara benar dan mampu mendesain sistem berbasis machine learning yg akurat untuk masalah yg anda hadapi."
26,Buku Membuat Aplikasi Android dengan Android Studio dan Kotlin,Rp149.000,Terjual 56 Produk,Baru,Opsional,210gr,Buku ID,"Panduan Praktis Membuat Aplikasi Android Dengan Android Studio dan Kotlin - Versi Terbaru
Buku yang sudah di update + Lebih tebal + Sourcede dan Lebih besar dengan Ukuran 18x25

Buku ini sangat cocok bagi Anda yang ingin belajar langsung membuat aplikasi android dengan menggunakan android studio dari NOL. Sebab pada buku ini Anda dipandu mulai dari proses pengenalan tools Android Studio dan bahasa pemprograman yang lebih mudah dipahami karena menggunakan bahasa pemprograman kotlin yang kini menjadi first class language (bahasa kelas utama) dalam membuat aplikasi android sejak diresmikan oleh Google I/O pada Mei 2017.

Pada buku ini Anda juga akan dipandu dalam proses instalasi tools JDK dan Android Studio serta langkah-langkah praktik membuat langsung tiga aplikasi, diantaranya
- Aplikasi Pariwisata
- Aplikasi Game dan edukasi pembelajaran, dan
- Aplikasi portal berita yang langsung terkoneksi dengan database dengan menggunakan halaman web service."
27,TERMURAH Buku Analisis Perancangan Sistem Berorientasi Objek dngan UML,Rp55.100,Terjual 61 Produk,Baru,Opsional,320gr,Gerai 212,"Selama barang tampil, berarti READY Kak..

Kelebihan buku komputer di Gerai 212:
1.Buku dijamin ORIGINAL 100% tersegel
2.HARGA MAHASISWA (Diskon 21,2%)
3.Packing Rapi
4.Pelayanan Cepat
5.Reputasi Toko 5.0

Silakan diORDER Kakak.. :)

Agar Lebih AMAN, Kakak bisa tambahkan Bubble Wrap dalam Orderan Kakak pada link dibawah ini:
https://www.tokopedia.com/gerai212/bubble-wrap-untuk-tambahan-packing-gerai-212?n=1

Buku Analisis Perancangan Sistem Berorientasi Objek dengan UML (Unified Modeling Languange)
Pengarang : Munawar
Penerbit : Informatika
Tahun : 2018
Tebal : 268 Halaman
ISBN : 978-602-6232-77-9

Buku ini merupakan panduan untuk memahami bagaimana melakukan analisis dan perancangan software yang
berorientasi objek. Sengaja Modeling Language) karena UML tidak lagi hanya dipakai untuk mendeskripsikan sistem software tetapi juga bisa digunakan untuk melakukan otomasi proses bisnis dan bahasa untuk pengembangan yang bebas platform. Hal ini dimungkinkan karena adanya SOA (Service Oriented
Architecture) dan MDA (Model Driven Architecture).

Pembahasan buku ini mencakup:
- Analisis dan perancangan sistem: analisis kebutuhan, perancangan sistem, perancangan manajemen data, implementasi sistem dan proses pengembangan software
-UML 1.x sampai dengan 2.x yang mencakup 13 diagram lengkap dengan filosofinya masing-masing
- Penerapan UML dalam analisis dan perancangan software dalam kasus riil seperti: KRS (Kartu Rencana Studi), belanja Online, galeri VCD serta procurement (sistem pemesanan)

Pembahasan Meliputi :
Pengembangan Software: Pengalaman Praktis
Analisis Kebutuhan
Perancangan Sistem
Implementasi Sistem Dan Software Process
Unified Modelling Language
Bekerja Dengan Class
Skenario Sistem
Logical View
Process View
Development View
Physical View
Studi Kasus KRS (Kartu
Rencana Studi)
Studi Kasus Belanja Online
Studi Kasus Galeri VCD Studi
Kasus Procurement (Sistem Pemesanan)"
28,Buku Rekayasa Perangkat Lunak,Rp47.000,Terjual 33 Produk,Baru,Opsional,300gr,Buku ID,"Jumlah Halaman : 296
Tanggal Terbit : 9 Mar 2013
ISBN : 9786021514054
Bahasa : Indonesia
Penerbit : Informatika
Berat : 0.25 kg
Lebar 16 cm
Panjang : 23 cm

Pada buku ini akan membahas tentang analisis dan desain sistem dengan disertai suatu studi kasus untuk memudahkan dalam pemahaman. Analisis dan desain sistem itu dimulai dengan analisis dan desain basis data, analisis dan desain sistem untuk pemrograman terstruktur dengan menggunakan DFD, dan analisis dan desain sistem untuk pemrograman berorientasi objek dengan menggunakan UML.

Setelah membaca studi kasus tersebut, pembaca diharapkan dapat memahami bagaimana melakukan analisis dan desain sistem untuk pemrograman terstruktur maupun pemrograman berorientasi objek. Untuk menghasilkan analisis dan desain perangkat lunak yang baik, seorang analis seharusnya memahami konsep pemrograman. Tanpa pemahaman konsep pemrograman yang baik, analis tidak mungkin menghasilkan perancangan perangkat lunak yang baik.

Pada buku ini juga dijelaskan mengenai tahapan-tahapan yang harus dilalui dalam rakayasa perangkat lunak serta penjelasan secara umum tentang manajemen proyek perangkat lunak."
29,TERMURAH ORIGINAL Buku Pemrograman Web Dengan NODE.JS dan Javascript,Rp66.900,Terjual 87 Produk,Baru,Opsional,385gr,Gerai 212,"Selama barang tampil, berarti READY Kak..

Kelebihan buku komputer di Gerai 212:
1.Buku dijamin ORIGINAL 100% tersegel
2.HARGA MAHASISWA (Diskon 21,2%)
3.Packing Rapi
4.Pelayanan Cepat
5.Reputasi Toko 5.0

Silakan diORDER Kakak.. :)

Agar Lebih AMAN, Kakak bisa tambahkan Bubble Wrap dalam Orderan Kakak pada link dibawah ini:
https://www.tokopedia.com/gerai212/bubble-wrap-untuk-tambahan-packing-gerai-212?n=1

PEMROGRAMAN WEB DENGAN NODE.JS DAN JAVASCRIPT
Pengarang : Budi Raharjo
Penerbit : Informatika
Tahun : April 2019
Tebal : 292 Halaman
Disertai Bonus CD

Pembahasan :

Pengenalan
Bahasa Javascript ( ECMAScript 6 )
Bekerja Dengan
Untuk Pemrograman WEB
Pembuatan Templete
Dan MariaDB
Dan MongoDB
Session Dan Otentikasi User
Express ( Framework Untuk )

sejak rilis pertamanya pada tahun 2009 , node js banyak digunakan oleh para pengembang web. menyediakan cukup banyak pustakan ( berupa modul) untuk menangani permasalahan permasalahan umum yang berkaitan dengna pemrograman . salah satu modul penting untuk pemrograman web adalah http , yang dapat digunakan untuk membuat HTTP server sendiri. melalui modul ini , kita tidak perlu menggunakan HTTP server dari pihak ketiga seperti apache atau ngink. Buk ini membahas tentang penggunaan modul http dan bberapa modul dasar lain yang perlu di pahami pada saat bekerja dengan . Untuk keperluan akses data, node.,js dapat dipasangkan dengan sistem database relasional mapupun sistem database nosql. buku ini membahas tentang komunikasi antara dan kedua sistem database terebut. anda akan mempelajari bagaimana membangun aplikasi web yang menggunakan mariaDB ( untuk sitem database relasional ) dan mongoDB (untuk sistem database noSQL)"
30,"Buku Konsep dan Implementasi Pemrograman Python, Kasus Big Data",Rp84.000,Terjual 78 Produk,Baru,Opsional,500gr,Buku ID,"Penulis/Pembuat: Rosihan Ari Yuana
ISBN: 978-602-6231-23-9
Tahun Terbit: November 2019
Jumlah Halaman/Durasi: 406

Saat ini Python sedang banyak digandrungi Programmer di seluruh dunia. Untuk itu, buku ini hadir membahas pemrograman Python dari nol, seperti Pengenalan dan Instalasi Python, Dasar-Dasar dan Logika Pemrograman Python (Statement Control, Looping, Function, Mengolah Tipe Data Statis/Dinamis, dan sebagainya), sehingga cocok untuk Programmer pemula dan intermediate.

Untuk melatih logika berpikir dan kemampuan problem solving, dalam buku ini diberikan Ratusan Studi Kasus dan Proyek Latihan yang dipaparkan dimulai dari ide penyelesaian sampai implementasinya pada kasus permasalahan yang dihadapi.

Selain itu, buku ini juga membahas bagaimana kemampuan dan keunggulan Python dalam Data Science dan Big Data Analytics. Disertai studi kasus seperti mencari penjualan terbanyak di suatu negara pada tahun tertentu, mencari produk yang paling menguntungkan & merugikan, mengolah data kriminalitas, menentukan segmentasi konsumen, dan lainnya yang dilengkapi juga dengan sajian grafik.

Berikut beberapa materi yang dibahas didalam buku :
- Struktur dan Logika Pemrograman
- Pengenalan dan Instalasi Python
- Dasar-Dasar Pemrograman Python
- Pemrograman OOP di Python
- Mengolah Data Array dengan NumPy
- Menangani Exception (Error Handling)
- Integrasi Python dengan Database
- Import Data (Excel, Csv, JSON, MySQL)
- Bekerja dengan Datetime
- Big Data Analytics
- Lambda Function
- Membuat Grafik Plot
- Pandas Library (Analisis Data)
- Regex (Regular Expression)
- Manipulasi String
- Mengolah Tipe Data Dinamis
- Operasi File
- Dasar Data Science"
31,Buku Membangun Aplikasi Mobile dengan PWA Progressive Web App,Rp63.000,Terjual 64 Produk,Baru,Opsional,350gr,Omviral Online Shop,"Pernah kah anda melihat icon suatu website / aplikasi web di browser atau smarphone seperti pada gambar diatas? itulah salah satu fitur unggulan PWA 9 prograssive web aplikcation ) yaitu add to home screen (A2HS), dimana website anda dapat ditambahkan dalam bentuk icon di halaman depan browser / smarpone user. beberapa website lokal sudah banyak yang menerapkan PWA seperti kompas, jalan tikus, kumparan , babe, dan masih banyak lagi.

PWA pertama kali diperkenalkan oleh google tahun 2015 sebagai sebuah teknologi web modern untuk membuat website yang dapat berlaku seperti sebuah mobile application. dengan konsep realibility , speed dan user engagement, google berusaha memastikan bahwa PWA dapat memberikan user pengalaman seperti aplikasi native yang cepat dan handal.

Dalam buku ini dibahas mulai dari pengenalan dan dasar dasar pwa, fitur dalam PWA seperti web app manifets, service workers, A2HS , push notification, payment , background sync, touch gesture, geolocation, singgle page application dan lain lain"
32,BESTSELLER Buku Unity Tutorial Game Engine Edisi Revisi,Rp135.000,Terjual 65 Produk,Baru,Opsional,700gr,Toko Buku Komputer BDG,"TOKO BUKU KOMPUTER (TBK)
PENGIRIMAN SETIAP HARI (Termasuk Hari Ahad & Tanggal Merah)

KAKAK BARU PERTAMA KALI BELANJA ONLINE??
Pastikan Kakak belanja di Toko yang terpercaya.

Kenapa orang-orang PUAS membeli di Toko Buku Komputer (TBK)???
1.PENGIRIMAN TIAP HARI (termasuk hari Ahad & tanggal merah). Mohon lihat batas order agar bisa dikirim hari ini.
2.Buku dijamin BARU dan ORIGINAL 100%. Hati hati dengan harga murah! Ada harga, ada kualitas.
3.FAST RESPONSE. Order masuk langsung kami proses, gak pake nanti
4.Packing dijamin RAPI dan AMAN dengan BUBBLE WRAP gratis
5.SIAP PAKAI: buku disampul dulu, dikasih pembatas buku, & stabilo 2 warna (untuk setiap buku)
6.Pelayanan RAMAH, ga pake jutek :)

POKOKNYA PUAS!!!
BIAR BINTANG BICARA.

NB: Selama produk ini tampil, berarti READY. Silakan diORDER Kakak ... :)

Penerbit : Informatika
Tahun Terbit : 2018

Versi 2017.x merupakan siklus terbaru pengembangan game engine Unity yang lebih menitikberatkan pada performa core engine serta dukungan untuk game berbasis XR (eXtended Reality). Selain itu, dukungan fitur terbaru Timeline dan Cinemachine menjadikan Unity tidak hanya mampu membuat game tetapi juga film animasi 3D.

Pembahasan;
Hello World Unity
Data Type
Array & Class
Looping Function
Keyboard Input
Mouse Input
Android Input
Fade In Splash Screen
GUIskin Menu
Sound Option
Find & Rotate
Camera Manipulation
Toggle Material
Clone Ball
Translate Cube
Raycast Cube
Shooting Target
Simple Animation
Jepret Webcam
Go Par ticle!
UI System
Movie Texture
Loading Screen
Vir tual Keyboard
Video Player
XML Parser
UDP Client Server
High Score Table
Timeline Editor
Cinema Chine
Hello Terrain 3D
Day And Night
Hello Terrain 2D
Jungle Illusion
Kiky Si Kancil
Attack On Kancil
Sprite Character
Anima2D
Par ticle Magic
PHP & MySQL
Visual Novel
Augmented Reality
Face Recognition
Unity ADS
Vir tual Reality
Text Mesh Pro
RPG Tilemap
Movie Recording
Cinematic FX"
33,Buku Modul Tutorial Dasar & Source Code Pemrograman MATLAB,Rp192.000,Terjual 444 Produk,Baru,Opsional,510gr,Adi Pamungkas,"Stok Ready!!!
Silakan diorder, siap kami kirim

Harap membaca deskripsi barang sebelum membeli !!

Buku modul tutorial pemrograman matlab (hard file dan soft file berukuran A5 jenis kertas HVS 100 gr lebih tebal dibandingkan kertas HVS biasa 70/80 gr), hard cover dan spiral ring, terbit 111 halaman berisi 5 buah tutorial dengan materi dasar2 pemrograman matlab, pembuatan grafik, pembuatan GUI, pengolahan citra, dan pengenalan pola

+1 buah CD yg berisi lebih dari 100 source code matlab mengenai pengolahan data, pengolahan citra, pengolahan sinyal, pengolahan video, dan data mining antara lain JST, PCA, SVM, Fuzzy, Anfis, Kmeans, FCM, Naive Bayes, dll

daftar lengkap source code serta materi/pembahasan mengenai source code ada pada website kami pemrogramanmatlab(dot)com

Buku modul tutorial dan source code biasa kami gunakan untuk mengajar dalam pelatihan bahasa pemrograman MATLAB

Bonus: 12 video tutorial pemrograman matlab dari mathworks (perusahaan yg memproduksi software matlab) berbahasa inggris

Dan bonus 13 ebook mengenai pengolahan citra, pengenalan pola, neural networks, machine learning, pengolahan sinyal, dll

Sangat cocok dan mudah dijadikan sebagai panduan dalam belajar, mengerjakan tugas akhir, skripsi, thesis, maupun disertasi, serta mengerjakan penelitian yang menggunakan bahasa pemrograman MATLAB

Penulis : Adi Pamungkas, S.Si, M.Si"
34,Buku Mudah Belajar Mikrokontroler Arduino - Fajar Wicaksono & Hidaya,Rp80.000,Terjual 57 Produk,Baru,Opsional,459gr,Toko Buku Komputer BDG,"TOKO BUKU KOMPUTER (TBK)
PENGIRIMAN SETIAP HARI (Termasuk Hari Ahad & Tanggal Merah)

KAKAK BARU PERTAMA KALI BELANJA ONLINE??
Pastikan Kakak belanja di Toko yang terpercaya.

Kenapa orang-orang PUAS membeli di Toko Buku Komputer (TBK)???
1.PENGIRIMAN TIAP HARI (termasuk hari Ahad & tanggal merah). Mohon lihat batas order agar bisa dikirim hari ini.
2.Buku dijamin BARU dan ORIGINAL 100%. Hati hati dengan harga murah! Ada harga, ada kualitas.
3.FAST RESPONSE. Order masuk langsung kami proses, gak pake nanti
4.Packing dijamin RAPI dan AMAN dengan BUBBLE WRAP gratis
5.SIAP PAKAI: buku disampul dulu, dikasih pembatas buku, & stabilo 2 warna (untuk setiap buku)
6.Pelayanan RAMAH, ga pake jutek :)

POKOKNYA PUAS!!!
BIAR BINTANG BICARA.

NB: Selama produk ini tampil, berarti READY

Pembaca akan diberikan teori, contoh rangkaian, petunjuk untuk mempraktikan contoh yang diberikan, contoh program dan penjelasan dari program yang dibuat

Pada bagian awal buku ini terdapat 4 bab pendahuluan terkait teori-teori dasar arduino, PHP dan Mysql yang akan digunakan pada bab-bab selanjutnya. Dimulai bab 5 sampai dengan bab terakhir akan diberikan contoh seperti penggunaan I/O, LED, Relay, 7Segment, Keypad, LCD, Motor DC, Motor Servo, Sensor LDR, Sensor Ultrasonik, Sensor PIR, Modul Suara, Modul RFID, Modul Bluetooth, Ethernet Web Server dan Web Clent, penggunaan modul Wifi ESP8266-01 sebagai web server dan web client, Modul GSM, penggunaan modul WiFi NodeMCU ESP8266 sebagai Web Server dan Web Client.

Bahasan Meliputi:
- Arduino
- Pengenalan pemrograman bahasa C Arduino
- Instalasi dan Konfigurasi
- PHP dan Mysql
- input dan Output
- Arduino LED
- Relay
- Seven Segment
- Keypad
- LCD
- Motor DC
- Motor Servo
- Sensor LDR
- Sensor Ultrasoniik
- Sensor PIR
- Modul Suara
- RFID
- Bluetooth
- Arduino Ethernet Web Server
- Arduino Ethernet Web Clent
- Modul WiFi ESP8266-01 dan Nodemcu ESP8266
- Web Server dengan Modul WiFi ESP8266-01
- Web Client dengan Modul WiFi ESP8266-01"
35,Buku Membuat Aplikasi E-Learning dgn PHP-MySQL dan Dreamweaver,Rp115.000,Terjual 7 Produk,Baru,Opsional,450gr,Omviral Online Shop,"Penulis : Bunafit Nugroho
Ukuran : 16 x 23 cm
Tebal : x + 410 hlm
ISBN : 978-602-6948-88-5
Bonus : CD
Tahun : 2017

Deskripsi :
Buku ini akan memandu Anda untuk Membuat Aplikasi E-Learning, Sistem Informasi Pembelajaran berbasis Web dengan PHP-MySQL dan Dreamweaver. Supaya lebih mudah mengikuti panduan, maka Kami menggambarkan setiap langkahnya menggunakan editor Dreamweaver. Pembahasan buku ini mencakup:

Panduan Menginstal PHP dan MySQL (XAMPP)
Merancang dan Membuat Database MySQL
Membuat Halaman Program untuk Administrator Akademik
Membuat Halaman Program untuk Guru
Halaman Program untuk Siswa

Lewat editor Dreamweaver, Anda akan dipandu untuk bisa mendesain form program input data lengkap dengan skrip program simpan datanya ke dalam database MySQL, Anda juga akan dipandu untuk bisa membuat halaman program tampil data yang dilengkapi dengan menu untuk Edit dan Delete. Semuanya akan menggunakan Dreamweaver, setiap langkah akan Kami berikan gambar ilustrasi, sehingga memudahkan Anda yang masih awam yang ingin mengikuti setiap langkahnya.

Source code PROGRAM APLIKASI E-LEARNING yang ada dalam CD Penyerta dapat Anda terapkan untuk proyek Tugas Akhir(TA) dan juga Skripsi bidang Informatika."
36,DataCamp Premium Subscription (2 Months),Rp150.000,Terjual 109 Produk,Baru,Opsional,50gr,Dyhaz,"DataCamp Online Course Premium Access

Premium access untuk mengakses semua materi pada DataCamp (courses, projects, mobile app). Berlaku hingga 21 Januari 2021. Pengaktifan menggunakan sistem invite tim jadi hanya membutuhkan email aktif untuk upgrade ke account premium.

Cara pemesanan
> Masukkan produk ke keranjang lalu checkout.
> Cantumkan email aktif (bisa yang sudah terdaftar atau belum) di catatan.
> Lanjutkan ke pembayaran dengan pilihan yang tersedia.
> Order diproses jika pembayaran terkonfirmasi.

!!!Alamat Pengiriman menggunakan alamat asli, karena bukti pembelian tetap akan dikirim karena harus pakai kurir!!!

DataCamp merupakan platform pembelajaran interaktif untuk mendalami data science. bahasa pemrograman R, Python, SQL & Spark yang dapat diakses dari browser dengan pilihan lebih dari 100 kursus.

==============================================================
Keyword

Akun datacamp murah, Belajar python, kursus big data, Analytics, Database, Data insight, Visualization, Marketing, Decision Making, Data science, Cloud, NoSQL, XML, BI, Business intelligence, data-driven"
37,buku Elektronika Digital dan Sistem Embedded,Rp57.000,Terjual 4 Produk,Baru,Ya,400gr,Jovans Book Store,"Elektronika digital dan teknologi Sistem Embedded merupakan materi yang sngat penting di bidang elektronika dan Teknologi Informasi. Kebutuhan akan mikroprosesor kecepatan tinggi namun dengan ukuran yang kompak, menghasilkan teknologi sistem embedded yang murah dan banyak diterapkan pada dunia industri ataupun hiburan. Buku ini bermaksud untuk memopulerkan teknologi digital dan sistem embedded tersebut sebagai referensi utama bagi para pelajar SMA/SMK, Mahasiswa dan praktisi /peneliti yang ingin mempelajari:

· Dasar rangkaian dan IC Digital dan Op-amp

· Interfacing komputer berbasis port USB

· Sistem Embeddede dengan AVR/Arduino/BS2p dan Raspberry Pi 3

· Contoh robot KRCI, humanoid, kursiroda berbasis EEG dan Pembuat kopi"
38,BUKU APLIKASI ANALISIS MULTIVARIATE DENGAN PROGRAM IBM SPSS 25,Rp155.000,Terjual 18 Produk,Baru,Ya,800gr,Jovans Book Store,"Deskripsi
penerbit universitas diponegoro

buku di jamin original 100%

harga normal 175.000

diskon 10%

silakan di order:)"
39,buku rancang bangun aplikasi android dan web,Rp150.000,Terjual 5 Produk,Baru,Opsional,1000gr,Jovans Book Store,"Penerbit informatika

Buku di jamin original 100%

Harga normal 200.000

Diskon 20%

Beli banyak lebih murah

Silakan di order:)"
40,"Buku PLC, Konsep, Pemrograman dan Aplikasi (Edisi Revisi)",Rp52.500,Terjual 41 Produk,Baru,Opsional,450gr,Buku ID,"Penulis : Agfianto Eko Putra
Dimensi : 16 x 23 cm
Tebal : xii + 244
ISBN : 978-602-6948-78-6
Bonus : CD
Harga : 62.000 (Pulau Jawa)

Buku ini tersusun atas 7 Bab :

Bab 1 membahas dasar-dasar atau konsep dasar PLC (Programmable Logic Controller)

Bab 2 membahas tentang PLC Omron seri SYSMAC atau yang dikenal dengan tipe CPM1A/CPM2A

Bab 3 membahas tentang ZEN Programmable Relay secara garis besar

Bab 4 menjelaskan tentang konsep-konsep pemrograman diagram tangga ditinjau dari PLC Omron Sysmac

Bab 5 menjelaskan perangkat lunak yang digunakan dalampemrograman PLC, baik Syswin v3.4, ZEN Support Software v3.0 (serta simulatornya) dan PLC Simulator v1.0.

Bab 6 dan Bab 7. Membahas Aplikasi untuk masing-masing PLC, Sysmac dan ZEN Programmable Relay"
41,Aplikasi Inventory Stok Barang+ kasir berbasis web-ORI+Source Code,Rp60.000,Terjual 98 Produk,Baru,Ya,100gr,E Software,"Aplikasi Software Inventory Management & Simple Point Of Sale (POS) -

-------------
DEMO
idwares.esy.es
User:admin pass: admin
---------------

Bisa cek stok barang, bisa software kasir sampai cetak struk dengan logo anda
Aplikasi ORI made indonesia ini berbasis Web jadi bisa dibuka di browser dan ga bikin komputer lambat.

bisa di setting supaya bisa dibuka ketika offline (tanpa internet)

Fitur umum:
Bisa memakai nama bisnis anda di halaman login dan setelah login
BIsa membedakan akses pemilik bisnis, admin dan karyawan

Fitur Inventori stok:
-Tambah-Edit-Hapus produk, harga modal, harga jual, menghitung profit
-Tambah-Edit-Hapus Merek/brand, Supplier, kategori barang
-Grafik pengingat stok barang yang menipis, Grafik produk paling laris
-Otomatis update stok bila ada transaksi jual atau beli

Fitur kasir:
-mencatat transaksi penjualan + cetak struk dengan logo anda
-mencatat transaksi pembelian dari supplier
- Mencatat pengeluaran operasional spt gaji, listrik, sewa dll

Fitur buat pemilik bisnis:
-Bisa liat laporan penjualan, pembelian, pengeluaran, profit dan income langsung di web atau di jadikan excel dan pdf.
-Bisa menambah dan menghapus karyawan
-memakai nama dan logo bisnis anda di aplikasi

bisa akses dari komputer, smartphone atau tablet, bisa di instal ke komputer saja jadi tanpa harus ada internet
hanya 1x pembayaran (tidak dijual ulang) Source Code kami berikan jadi bisa di kembangkan sesuai kebutuhan bisnis atau untuk belajar programing. Dikembangkan dengan PHP, CSS, HTML, My SQL Java Script.

Pesan langsung di tokopedia nanti dikirimkan:
DVD berisi:
Source Code + Aplikasi pendukung
-Panduan instalasi dan pemakaian
-Garansi dibantu sampai bisa dan layanan CS
.
Bisa kami emailkan juga namun pesannya tetap di tokopedia ya supaya dapat bukti invoice untuk klaim garansi.
Free Update selama 6 bulan jika ada update dari developer

Semua pertanyaan chat via tokopedia atau diskusi produk

hosting yg sudah dites berjalan: Hostinger dan niagahoster"
42,Buku Panduan Praktis Menguasai Vue. Js,Rp65.000,Terjual 134 Produk,Baru,Opsional,250gr,Omviral Online Shop,"Buku Belajar Pemrograman framework Javascript menggunakan vue.js

Saat ini, ada 3 framework javascript yang paling diminati, yaitu AngularJS, reactJS dan vue.js . dalam buku ini membahas khusus vue.js yang lebih unggul secara kecepatan dan performa dibandingkan framework javascript lainnya. karena ukurannya yang kecil dan simple. namun powerfull. selain itu, package dan plugin sudah banyak include dalam vuew.js. sehingga dapat langsung digunakan tanpa menginstall plugin plugin ataupun external library.

Vue.js dibangun dengan pendekatan approachable yang fokus pada kesederhanaan dan kerapian struktur codingnya - cukup pengetahuan dasar html, css, dan javascript - memudahkan pengguna mempelajarinya dengan cepat. adapun materi vue.js yang dibahas sebagai berikut :

- Dasar-dasar vue.js
- Computed, Methods dan Watcher
- Bermain dengan Form
- Event Handler ( Mouse dan Key Modifiers )
- v-bind (Binding style , clas dan src )
- Filter dan Array
- Power Components dan Passing data dengan Props.
- Vue Canvas dan Vue Animation.
- Kolaborasi Vue.js dengan NodeJS, Laravel dan Mysql.
- Membuat aplikasi Vue.js ( Name Extractor, Todo Application, Simulation Billing Toko Online, Color Changing, Dynamic Pie Chart )

Buku Terbitan Lokomedia Lainnya :
==================================
~ https://www.tokopedia.com/omviralshop/belajar-php-membuat-aplikasi-gps-ala-gojek-cd-2
~ https://www.tokopedia.com/omviralshop/buku-panduan-praktis-menguasai-vue-js
~ https://www.tokopedia.com/omviralshop/analisa-dan-perancangan-sistem-informasi-dengan-codeigniter-laravel
~ https://www.tokopedia.com/omviralshop/buku-codeigniter-vs-laravel-kasus-membuat-website-pencari-kerja
~ https://www.tokopedia.com/omviralshop/menguasai-angular-js-untuk-membuat-website-dinamis
~ https://www.tokopedia.com/omviralshop/web-service-pembayaran-uang-kuliah-online-dengan-php-soap-wsdl

PAKET MURAH DISKON 30% , CEK YA ==> https://www.tokopedia.com/omviralshop/paket-hemat-buku-belajar-php-penerbit-lokomedia-diskon-30"
43,Buku Artificial Intelligence,Rp140.800,Terjual 15 Produk,Baru,Opsional,950gr,Buku ID,"Kategori(Sub): Komputer (Teknik)
ISBN: 978-623-01-0293-6
Penulis: Imam Robandi
Ukuran⁄Halaman: 19x23 cm² ⁄ xxxvi+564 halaman
Edisi⁄Cetakan: I, 1st Published
Tahun Terbit: 2019

Materi buku teks ini ditulis oleh penulis dengan gaya umum, walaupun di beberapa chapter (bab) teras berat, tetapi sangat menarik untuk Anda baca. Setiap chapter mempunyai pendekatan sendiri cara mengungkapkannya, tetapi sebagian besar berbasis pada kecerdasan hidup hewan dalam berkoloni. Ada 16 chapter di sini, yang dimulai di Chapter 1 adalah Kecerdasan koloni binatang dan diakhiri di Chapter 16 dengan Algoritma Pelacakan dari Ikan Hiu (Shark Search Algorithm, SSA) di chapter 15 anda disuguhi Algoritma Optimisasi Serigala Abu-abu (Grey Wolf optimization, GWO) dan semua chapter di buku ini sangat menarik untuk Anda baca."
44,Paket Buku Python Big Data Mining Science for machine learning,Rp86.700,Terjual 33 Produk,Baru,Opsional,600gr,Omviral Online Shop,"Buat kamu yang suka dengan data science dan data mining ada baiknya kalian jangan lewatkan koleksi buku yang satu ini gan . dari pengalaman customer kami buku ini sering sekali dibeli secara bersamaan sehingga kami membuat buku ini menjadi dalam satu paket sehingga para pembeli bisa mendapatkan buku ini dengan potongan harga .

Buku apa yang didapat ketika membeli paket buku ini , berikut adalah daftar bukunya ya gan .

1. Buku data mining teori dan aplikasi rapid miner , Penjelasan buku ini bisa anda lihat detail dengan mengunjungi link berikut ini -->https://www.tokopedia.com/omviralshop/buku-data-mining-teori-dan-aplikasi-rapidminer

2. Buku Fundamental of Python for machine learning , penjelasan buku ini bisa anda lihat detail dengan mengunjungi link beriku tini --> https://www.tokopedia.com/omviralshop/fundamental-of-python-for-machine-learning"
45,Buku Step By Step Menguasai Pemrograman PLC Mitsubishi Q Series,Rp260.500,Terjual 100 Produk,Baru,Ya,660gr,Mosfet Automation,"Buku Step By Step Menguasai Pemrograman PLC Mitsubishi Q Series Dengan Simulator Mesin 3D

* Jilid Softcover
* 300 halaman
* Ukuran A5
* Kertas HVS

HARAP KONFIRMASI TERLEBIH DAHULU SEBELUM CEKOUT

Pembeli akan di invite untuk Join member digroup Whatsapp agar bisa berdiskusi mengenai konten dalam buku ini.

NOTE :
- ORDER DIATAS PUKUL 16.00 WIB, AKAN DIKIRIM HARI BERIKUTNYA (TIDAK TERMASUK HARI MINGGU DAN TANGGAL MERAH)
- MOHON KONFIRMASI PENERIMAAN DAN FEDBACKNYA JIKA BARANG SUDAH DITERIMA
- KONFIRMASI VIA WA O 8 I 2 1 9 5 7 8 8 6 2 JIKA BUKU SUDAH DITERIMA UNTUK JOIN DI WA GROUP MITSUBISHI MEMBER
- MEMBELI BERARTI SETUJU"
46,Buku Panduan Praktis Membangun Web Yang Logis Don't Make Me Think,Rp29.000,Terjual 51 Produk,Baru,Opsional,300gr,stokbukukita,"Buku Don't Make Me Think (Panduan Praktis Membangun Web yang Logis)

Merupakan buku panduan lengkap tentang membuat website yang baik dan benar.
Spesifikasi :
Penerbit : Serambi
Penulis : Steve Krug
Tahun : 2013
Jumlah hlm : 264
Ukuran : 15 x 23 cm
Bahasa : indonesia
CATATAN : CUCI GUDANG!!! KONDISI BUKU SESUAI DI FOTO, MINUS SEDIKIT BERAKARAT DI BAGIAN SAMPING DAN TIDAK LAGI DI SEGEL ATAU BUNGKUS PLASTIK. DALAM BUKU MASIH BERSIH DAN LAYAK UNTUK DI BACA.

Sinopsis :
Steve Krug, Seorang pakar kebergunaan web, menyaring pengalaman dan pengamatannya selama bertahun-tahun
menjadi sejumlah saran yang logis, lugas, dan praktis. sejak terbit pertama kali, buku ini telah menjadi kitab suci bagi
para pekerja WEB. tidak terbayangkan ada orang yang bekerja di bidang pengembangan situs web ( desainer, programer, penulis, penyunting, dan webmaster ) saat ini yang tidak membaca karya klasik don't make me think!

Tunggu apalagi klik Beli sekarng juga! Karena di stock buku kita sedang ada promo
diskon 50%!!

#buku #bukuweb #bukukomputer #bukuinternet #bukupanduan"
47,buku algoritma dan pemrograman dalam bahasa pascal c dan c++,Rp93.000,Terjual 24 Produk,Baru,Opsional,700gr,Jovans Book Store,"Penerbit informatika

Buku di jamin original 100%

Harga normal 120.000

Diskon 20%

Beli banyak lebih murah

Silakan di order:)"
48,Buku Membangun Aplikasi Mobile dengan PWA (Progressive Web App),Rp62.000,Terjual 51 Produk,Baru,Opsional,350gr,Buku ID,"Penulis/Pembuat : Hendra Santoso
Kode Produk : LOKO-183
ISBN : 978-602-62312-0-8
Tahun Terbit : Maret 2019
Jumlah Halaman/Durasi : 272
Bonus : Source Code

Pernahkah Anda melihat icon suatu website / aplikasi web di browser atau smartphone seperti pada gambar di cover belakang buku? Itu adalah salah satu fitur unggulan PWA (Progressive Web App), yaitu Add to Home Screen (A2HS), dimana website Anda dapat ditambahkan dalam bentuk icon di halaman depan browser / smartphone user. Beberapa website lokal sudah banyak yang menerapkan PWA, seperti Kompas, Jalan Tikus, Kumparan, Babe, dan masih banyak lagi.

PWA pertama kali diperkenalkan oleh Google tahun 2015 sebagai sebuah teknologi web modern untuk membuat website yang dapat berlaku seperti sebuah mobile application. Dengan konsep realibility, speed, dan user engagement, Google berusaha memastikan bahwa PWA dapat memberikan user pengalaman seperti aplikasi native yang cepat dan handal.

Dalam buku ini dibahas mulai dari Pengenalan dan Dasar-Dasar PWA, Fitur-Fitur PWA seperti: Web App Manifest, Service Workers, A2HS, Push Notification, Camera, Speech Recognition, Storage, Payment, Background Sync, Touch Gesture, Geolocation, Single Page Application, dll.

Untuk memperdalam materi, disajikan 4 studi kasus pembuatan PWA, yaitu Aplikasi PWA Baca Berita, PWA QR Code Scanner & Generator, PWA Blog Wordpress, dan Modifikasi Website Menjadi PWA."
49,Buku Pemrograman Dasar SMK/MAK Kelas X,Rp50.400,Terjual 39 Produk,Baru,Opsional,338gr,Buku ID,"Kategori(Sub): Komputer (Ilmu Komputer)
ISBN: 978-979-29-6504-9
Penulis: Patwiyanto, S.Kom., Sri Wahyuni S.Kom., Sumari Agus Prasetyo, S.Kom
Ukuran'Halaman: 17.6x25 cm' ' x+182 halaman
Edisi'Cetakan: I, 1st Published
Tahun Terbit: 2018

Pemrograman Dasar SMK/MAK Kelas X"
50,Buku Dasar Pemrograman Python 3 +cd,Rp96.850,Terjual 104 Produk,Baru,Opsional,790gr,Buku ID,"Kategori(Sub): Komputer (Internet)
ISBN: 978-979-29-5810-2
Penulis: Abdul Kadir
Ukuran'Halaman: 20x28 cm' ' xii+344 halaman
Edisi'Cetakan: I, 1st Published
Tahun Terbit: 2018

Buku ini sangat perlu dimiliki dan dibaca oleh siapa saja yang berminat mempelajari pemrograman Python. Dengan menggunakan pendekatan sederhana dan disertai banyak contoh, buku ini membuat pemrograman Python akan menjadi mudah dipelajari dan dikuasai oleh siapa saja.

Materi-materi berikut dibahas di buku ini:
- Cara menginstalasi interpreter Python
- Penggunaan Python secara interaktif dan melalui skrip
- Pembuatan fungsi
- Struktur data berupa list, dicitionary, tuple dan set
- Penanganan eksepsi
- Pengenalan sejumlah pustaka seperti sys, math, time dan pickle
- Pembuatan kelas dan objek
- Penanganan file
- Graphical User Interface (GUI) dengan tkinter"
51,Buku Pemrograman C plus plus - Mudah dan menjadi cepat master C plus,Rp175.000,Terjual 45 Produk,Baru,Opsional,860gr,Toko Buku Komputer BDG,"TOKO BUKU KOMPUTER (TBK)
PENGIRIMAN SETIAP HARI (Termasuk Hari Ahad & Tanggal Merah)

KAKAK BARU PERTAMA KALI BELANJA ONLINE??
Pastikan Kakak belanja di Toko yang terpercaya.

Kenapa orang-orang PUAS membeli di Toko Buku Komputer (TBK)???
1.PENGIRIMAN TIAP HARI (termasuk hari Ahad & tanggal merah). Mohon lihat batas order agar bisa dikirim hari ini.
2.Buku dijamin BARU dan ORIGINAL 100%. Hati hati dengan harga murah! Ada harga, ada kualitas.
3.FAST RESPONSE. Order masuk langsung kami proses, gak pake nanti
4.Packing dijamin RAPI dan AMAN dengan BUBBLE WRAP gratis
5.SIAP PAKAI: buku disampul dulu, dikasih pembatas buku, & stabilo 2 warna (untuk setiap buku)
6.Pelayanan RAMAH, ga pake jutek :)

POKOKNYA PUAS!!!
BIAR BINTANG BICARA

NB: Selama produk ini tampil, berarti READY

Pembahasan;
Pengenalan C+ +
Variabel dan Tipe Data
Operator
Struktur Kontrol
Array
Pointer dan Referensi
Fungsi
Header File dan Preprocessor Directive
Kelas dan Objek
Pewarisan dan Polimorfisme
String

Buku ini berisi panduan untuk mempelajari C+ + secara mudah dan cepat, yang membahas tentang elemen-elemen penting yang perlu dipahami dalam pembuatan program menggunakan C+ +. Pembahasan disajikan dengan gaya tutorial sehingga mudah untuk dipraktikkan dan dipahami konsepnya.

sama seperti C, C+ + juga banyak digunakan untuk keperluan akses perangkat keras, pemrograman yang berkaitan dengan sistem operasi, pengembangan sistem tertanam , pembuatan driver, dynamic linked library atau shared object , dan sebagainya.

Dalam buku ini, Anda juga akan diajak untuk mengenal fitur-fitur baru yang ditambahkan pada C+ +11, C+ +14, dan C+ +17 sehingga Anda dapat menulis kode program C+ + menggunakan sintaks gaya baru. Seluruh kode program yang terdapat di dalam buku ini dikompilasi menggunakan standar C+ +17 dengan kompilator GCC 7.0.1 pada sistem operasi Linux Ubuntu 17.04. Meskipun demikian, Anda tetap dapat mempelajari dan mempraktikkan semua materi dalam buku ini menggunakan Windows."
52,"TERMURAH ORIGINAL Buku Membangun Aplikasi Android, Web dan Web Service",Rp66.900,Terjual 74 Produk,Baru,Opsional,370gr,Gerai 212,"Selama barang tampil, berarti READY Kak..

Kelebihan buku komputer di Gerai 212:
1.Buku dijamin ORIGINAL 100% tersegel
2.HARGA MAHASISWA (Diskon 21,2%)
3.Packing Rapi
4.Pelayanan Cepat
5.Reputasi Toko 5.0

Silakan diORDER Kakak.. :)

Selama barang tampil, berarti READY Kak..

Kelebihan buku komputer di Gerai 212:
1.Buku dijamin ORIGINAL 100% tersegel
2.HARGA MAHASISWA
3.Packing Rapi
4.Pelayanan Cepat
5.Reputasi Toko 5.0

Silakan diORDER Kakak.. :)

Agar Lebih AMAN, Kakak bisa tambahkan Bubble Wrap dalam Orderan Kakak pada link dibawah ini:
https://www.tokopedia.com/gerai212/bubble-wrap-untuk-tambahan-packing-gerai-212?n=1


Deskripsi Buku Membangun Aplikasi Android, Web dan Web Service - Eko Budi S

Penerbit : Informatika
Pengarang : Eko Budi Setiawan, Angga Try Ramdany
Tahun Terbit : Oktober 2019
Tebal : 262 Halaman
Disertai DVD

AndroidStudio | VS Code Widget dan Object Form | Icon dan Generate APK | Login danLupa Password | CRUD Android dan Web | Web Service JSON | API Postman | Database SQL | PHP Mailer| Hosting dan Konfigurasi Server

Buku ini disusun sebagai referensi bagi pelajar pemula teknologiinformasi yang ingin mengetahui bagaimana caramembuat aplikasi website dan android dengan satu databaseMYSQL yang menggunakan Web Service API sebagaikoneksi antar-aplikasi serta bagaimana aplikasi tersebutdapat digunakan secara Online.

Bukuini berisi konten tahapan dasar untuk membuat aplikasiCRUD (Create, Read, Update, dan Delete) sederhanapada aplikasi Website PHP dan Android yang menggunakandatabase MYSQL, serta koneksi antar- aplikasimenggunakan Web Service API. Buku ini terdiri dari12 BAB dari topik pengenalan, konsep, instalasi tooldevelopment, objek website, widget android, database,web service api, hak akses, proses CRUD websitedan android, icon aplikasi dan generate file api android"
53,Tutorial Membuat Tampilan Aplikasi E-Commerce dengan Android Studio,Rp128.000,Terjual 56 Produk,Baru,Opsional,250gr,Omviral Online Shop,"dalam DVD Tutorial Ini Anda Akan Belajar Bagaimana Membuat Desain Aplikasi Penjualan Mirip Tokopedia Untuk Platform Mobile Android Menggunakan Android Studio.

MATERI
VIDEO TUTORIAL 1
- Salam kenal & Demo Aplikasi
VIDEO TUTORIAL 2
- Pengenalan empty layout: constraintlayout, relativelayout, linearlayout dan scrollview
VIDEO TUTORIAL 3
- Pengenalan basic layout: menggunakan dan membuat menu, mengganti dan menambahkan icon pada aplikasi
VIDEO TUTORIAL 4
- Membuat project baru menggunakan Navigation Drawer Activity
VIDEO TUTORIAL 5
- Menambahkan menu cart dan search menggunakan MaterialSearchView
VIDEO TUTORIAL 6
- Membuat Tab Menu pada beranda aplikasi menggunakan ViewPager
VIDEO TUTORIAL 7
- Menggunakan GridView dan ListView untuk tampilan barang dan pilihan kategori pada beranda aplikasi
VIDEO TUTORIAL 8
- Membuat Activity (halaman) Detail Barang menggunakan ImageSlider dan CardView
VIDEO TUTORIAL 9
- Membuat Dialog (popup) pembelian barang
VIDEO TUTORIAL 10
- Membuat Activity Notifikasi
VIDEO TUTORIAL 11
- Membuat Activity Transaksi: pembelian dan penjualan
VIDEO TUTORIAL 12
- Membuat Activity Detail Transaksi: data alamat dan status histori pengiriman
VIDEO TUTORIAL 13
- Membuat Activity Profil: data pribadi dan penilaian toko
VIDEO TUTORIAL 14
- Membuat Activity Toko menggunakan NestedScrollView
VIDEO TUTORIAL 15
- Membuat Activity Keranjang menggunakan RecycleView
VIDEO TUTORIAL 16
- Menambahkan Delete Item dan SwipeRefresh pada RecycleView Keranjang
VIDEO TUTORIAL 17
- Membuat Activity Jual Barang
VIDEO TUTORIAL 18
- Membuat Activity Login
VIDEO TUTORIAL 19
- Membuat Activity Register
VIDEO TUTORIAL 20
- Membuat Activity Splashscreen

[ INCLUDE ]
Source Code Project
Modul Pdf Instalasi Android Studio
Software Pendukung

Beli paket video komplit belajar android studio baik front end dan backend , harga lebih murah cek disini :
https://www.tokopedia.com/omviralshop/video-belajar-android-studio-php-mysql-membuat-aplikasi-keuangan"
54,Membuat aplikasi android dengan android studio dan kotlin,Rp149.000,Terjual 145 Produk,Baru,Opsional,20gr,kursus android murah,"Versi Revisi Cetakan ke 3 Mei 2020
PROMO harga Normal 199.000
====
Buku + Source Code 3 Aplikasi Android :
-Aplikasi Pariwisata
-Aplikasi Edukasi & Game
-Aplikasi Portal Berita + Database Mysql

Buku ini sangat cocok bagi Anda yang ingin belajar langsung membuat aplikasi android dengan menggunakan android studio dari NOL. Sebab pada buku ini Anda dipandu mulai dari proses pengenalan tools Android Studio dan bahasa pemprograman yang lebih mudah dipahami karena menggunakan bahasa pemprograman kotlin yang kini menjadi first class language (bahasa kelas utama) dalam pembuatan aplikasi android sejak diresmikan oleh Google I/O pada Mei 2017.
Pada buku ini Anda juga akan dipandu dalam proses instalasi tools JDK dan Android Studio serta langkah-langkah praktik membuat langsung tiga aplikasi, diantaranya
*Aplikasi Pariwisata,
*Aplikasi Game dan edukasi pembelajaran, dan
*Aplikasi portal berita yang langsung terkoneksi dengan database dengan menggunakan halaman web service.

Catt :
- Selama iklan ini ada, Bukunya masih ready
- Bagi yg di Jogja bisa COD Langsung di kantor kami Lauwba Techno Indonesia (ketik di google untuk alamatnya)
- Chat kami untuk mendapatkan Source code Aplikasinya, Source Code 3 Aplikasinya :
-Aplikasi Pariwisata
-Aplikasi Edukasi & Game
-*Aplikasi Portal Berita


====
Dapatkan buku ini secara GRATIS dengan mengikuti training dan kursus kami di Lauwba Techno Indonesia, tersedia kelas reguler, private (bisa request jadwal sesuai dengan kebutuhannya) dan kelas in house training dengan pelaksanaan di tempat Anda.

Buku Android
Buku Android Kotlin
Buku Kotlin
Buku Android studio
Kotlin
Android studio

Lauwba Techno Indonesia
Jasa pembuatan aplikasi dan tempat Kursus android jogja, training Android, kursus Android semarang, kursus Android Jakarta"
55,Buku Pemrograman Python Untuk Ilmu Komputer Dan Teknik,Rp39.900,Terjual 55 Produk,Baru,Opsional,279gr,Buku ID,"Kategori(Sub): Komputer (Ilmu Komputer)
ISBN: 978-979-29-6618-3
Penulis: Widodo Budihaarto, SSi, MKom
Ukuran'Halaman: 16x23 cm' ' viii+168 halaman
Edisi'Cetakan: I, 1st Published
Tahun Terbit: 2018

Python merupakan bahasa pemrograman yang paling populer saat ini terutama untuk scientific computing. Bahasa pemrograman Python sangat dibutuhkan oleh para mahasiswa, software developer, akademisi, dan peneliti di bidang Computer Science, Statistik dan Engineering.

Materi yang diberikan merupakan materi terkini dan dapat dijadikan pegangan untuk memulai riset di bidang :
- Pemrograman Python
- Computer dan Machine vision
- Kecerdasan Buatan
- information retrieval dan NLP
- speech recognition dan robot vision."
56,Buku Aplikasi IoT Dengan ARDUINO Dan ANDROID - Penerbit Deepublish ORI,Rp65.000,Terjual 21 Produk,Baru,Ya,200gr,Belajar PHP,"Aplikasi Internet of Things (IoT) dengan ARDUINO dan ANDROID

Penulis : Sigit Wasista, Setiawardhana, Delima Ayu Saraswati & Eko Susanto

Ukuran : xii, 119 hlm, Uk: 14x20 cm
ISBN : 978-623-209-885-5
Cetakan Pertama : Juli 2019

Buku ini diperuntukkan bagi mahasiswa, praktisi dan peneliti yang ingin membangun aplikasi dasar IoT menggunakan perangkat ARDUINO dan ANDROID. Buku ini sangat cocok untuk menyelesaikan tugas harian di perkuliahan, tugas akhir atau skripsi, ataupun penelitian penelitian yang berbasis IoT.
Diharapkan dengan adanya buku ini, mahasiswa, praktisi dan peneliti dapat terbantu secara mandiri untuk menyelesaikan proyeknya."
57,Buku Programming Wireless Untuk Arduino + cd,Rp69.300,Terjual 55 Produk,Baru,Opsional,410gr,Buku ID,"Kategori(Sub): Komputer (Ilmu Komputer)
ISBN: 978-979-29-6599-5
Penulis: Abdul Kadir
Ukuran'Halaman: 19x23 cm' ' viii+232 halaman
Edisi'Cetakan: I, 1st Published
Tahun Terbit: 2018

Buku yang sangat berguna bagi siapa saja yang hendak membuat aneka proyek berbasis Arduino yang melibatkan peranti pendukung komunikasi nirkabel. Buku ini membahas setiap peranti dimulai dari hal yang mendasar. Kemudian, secara bertahap membahas contoh-contoh yang lebih menantang. Dengan begitu, siapa saja dapat dengan mudah mempraktikkan dan memahami materi yang disajikan."
58,TERMURAH ORIGINAL Buku Pengantar Machine Learning - Bedy Purnama,Rp106.300,Terjual 47 Produk,Baru,Opsional,590gr,Gerai 212,"Selama barang tampil, berarti READY Kak..

Kelebihan buku komputer di Gerai 212:
1.Buku dijamin ORIGINAL 100% tersegel
2.HARGA MAHASISWA (Diskon 21,2%)
3.Packing Rapi
4.Pelayanan Cepat
5.Reputasi Toko 5.0

Silakan diORDER Kakak.. :)

Agar Lebih AMAN, Kakak bisa tambahkan Bubble Wrap dalam Orderan Kakak pada link dibawah ini:
https://www.tokopedia.com/gerai212/bubble-wrap-untuk-tambahan-packing-gerai-212?n=1

Pengantar Machine Learning Konsep dan Praktikum Dengan Contoh Latihan Berbasis R dan Python
Penerbit : Informatika
Pengarang : Bedy Purnama
Tahun Terbit : Oktober 2019
Tebal : 484 Halaman
Disertai DVD

Bahasan mencakup:
Mengenal Machine Learning
Alat dan Bahan
Algoritma, Data Set, Bahasa Program
Regression dan Classification
Non Linear Model
Clustering
Statistika dan Probabilitas
Algoritma Machine Learning
K-NN dan K-means
Decision Tree dan Random Forest
Q-Learning
Deep Learning

Buku ini merupakan salah satu kontribusi Penulis kepada dunia pendidikan di Indonesia, khususnya di bidang teknik Machine Learning yang saat ini sedang booming. Berbagai konsep dasar
yang terkait dengan Machine Learning, seperti: linear regression, logistic regression, classification, support vector, nave bayes, neural network, clustering, reinforcement learning, q-learning,
deep learning, dikupas secara sederhana namun masih tetap berbobot. Contoh contoh
program dalam bahasa Python atau
ini juga dilengkapi dengan aplikasi-aplikasi serta file-file pendukung yang dapat
dijumpai pada DVD Pendamping.

Beberapa konsep dan persamaan matematika teori
probabilitas, statistika, data science, juga dijelaskan
secara gamblang. Sehingga buku ini cocok
dijadikan sebagai bahan acuan sekaligus bahan
ajar. Di sisi lain, buku ini pun masih cukup pantas
untuk dibaca oleh pemula di bidang Machine
Learning. Setiap bab disajikan dengan mudah
dan dapat dipahami oleh semua kalangan."
59,TERMURAH ORIGINAL Buku Kriptografi Edisi Terbaru - Rinaldi Munir,Rp110.300,Terjual 67 Produk,Baru,Opsional,750gr,Gerai 212,"Selama barang tampil, berarti READY Kak..

Kelebihan buku komputer di Gerai 212:
1.Buku dijamin ORIGINAL 100% tersegel
2.HARGA MAHASISWA (Diskon 21,2%)
3.Packing Rapi
4.Pelayanan Cepat
5.Reputasi Toko 5.0

Silakan diORDER Kakak.. :)

Agar Lebih AMAN, Kakak bisa tambahkan Bubble Wrap dalam Orderan Kakak pada link dibawah ini:
https://www.tokopedia.com/gerai212/bubble-wrap-untuk-tambahan-packing-gerai-212?n=1

Pengarang : Rinaldi Munir
Penerbit : Informatika
Tebal : 644 Halaman
Tahun : 2019

Edisi Kedua merupakan edisi baru dari buku sebelumnya yang berjudul sama. disusun bagi siapapun (siswa, mahasiswa, umum) yang ingin mernpelajari teknik-teknik m kriptografi. Kriptografi merupakan kakas yang sangat penting dalam bidang keamanan 3Si.

Pembahasan di dalam buku ini meliputi:
- Pengantar kriptografi
- Landasan matematika untuk kriptografi
- Algoritma Kriptografi Klasik
- Algoritma Kriptografi Modern
- Kriptanilis sederhana
- Kriptografi kunci-publik
- Fungsi hash satu-arah
- Tanda-tangan digital
- Protokol kriptografi
- Pembangkit bilangan acak
- Elliptic Curve Cryptography
- Public Key lnlrastructure (PKI)
- Manajemen kunci
- Steganografi dan watermarking
- Skema pembagian rahasia (secret sharing scheme)
- Kriptografi visual (visual cryptography)
- Enkripsi homornorfik

Materi di dalam buku ini dilengkapi dengan kode program dalam Bahasa C + + yang Mengimplementasikan beberapa algontma. Diharapkan buku ini dapat memberikan pengetahuan kepada pembacanya tentang penggunaan kriptografi untuk keamanan pesan."
60,Buku SCADA Software dengan Wonderware InTouch - Handy Wicaksono,Rp75.000,Terjual 35 Produk,Baru,Opsional,300gr,Learn Automation,"Catatan: buku asli, harga kami jual lebih murah karena mendapat discount untuk penulis buku

Scada Software dengan Wonderware In Touch; Dasar-Dasar Pemrograman
Handy Wicaksono
ISBN : 978-979-756-802-3
Harga : Rp 84.800,00
Halaman : XII+176

Sinopsis :

Buku ini memberikan konsep dasar dari sistem SCADA berbasis PLC (Programmable Logic Controller). Aspek komunikasi data dan Human Machine Interface juga dibahas secara khusus. Namun demikian, pokok bahasan utama pada buku ini adalah penerapan sistem SCADA menggunakan Wonderware InTouch (salah satu SCADA software terpopuler di dunia) dengan penekanan pada: Development Environment; Tagname Dictionary; Script untuk Visualisasi sistem; Trend, Alarm, dan Security; Koneksi PC PLC; Database
Melalui buku ini, diharapkan pembaca dapat memahami dan membuat sendiri SCADA software dasar dengan Wonderware InTouch, serta menerapkannya pada plant yang dikendalikan PLC.
Jika Anda adalah mahasiswa (Teknik Elektro, Teknik Mesin, Teknik Industri, Teknik Informatika), automation engineer, ataupun pemerhati dunia otomasi industri, buku ini akan bermanfaat untuk menambah wawasan dan meningkatkan kompetensi Anda."
61,Buku Javascript : Jalan Pintas Menjadi Master ReactJS + CD tutorial - 2,Rp75.000,Terjual 44 Produk,Baru,Opsional,300gr,Belajar PHP,"[0] cetakan full color , bonus cd
[2] cetakan black and white , cd diganti link source

buku original dari penerbit dengan dua versi ya gan


Penulis/Pembuat : Lukmanul Hakim
Kode Produk : LOKO-182
ISBN : 978-602-62311-9-2
Tahun Terbit : Oktober 2018
Jumlah Halaman/Durasi : 114
Bonus : CD Video Tutorial dan Full Color

Pengen tau caranya bikin Aplikasi Zaman Now? Anda harus kenal dengan ReactJS, sebuah library Javascript untuk membangun User Interface yang dibuat oleh Facebook. Aplikasi yang dibuat ReacJS terlihat super cepat, stabil, responsif, interaktif dan cool.

Banyak perusahaan ternama yang menggunakan React, terutama startup, seperti Gojek, Grab, Traveloka, Tokopedia, Buk4l4p4k, Netflix, BBC, Instagram, Paypal, WhatsApp, Dropbox, Airbnb dan Facebook tentunya.

Buku ini diawali dengan Pengenalan ReactJS, Cara Termudah Instalasi React, Dasar React (Component, Props, State, Event, Router, Transition, JSON), kemudian diterapkan dalam membuat proyek aplikasi nyata, seperti Aplikasi Aktivitas Harian, Aplikasi Homestay dan Single Page Application.

Selain itu, buku disajikan dalam bentuk Langkah demi Langkah disertai Visualisasi Diagram. Penjelasan tiap baris code yang telah disederhanakan sedemikian rupa. Format buku Full Color (semua halaman berwarna yang akan memanjakan mata Anda dalam menikmati pembelajaran React).

Dengan begitu, buku ini sangat praktis dan aplikatif, dirancang untuk 7 jam masa pembelajaran, sehingga Anda dapat menguasai ReactJS dengan cepat. Untuk lebih memudahkan Anda, disertakan pula CD berisi Software, Source Code dan Video Tutorial."
62,Belajar PHP Membuat Website Dengan CodeIgniter Dari NOL Sampai ONLINE,Rp120.000,Terjual 49 Produk,Baru,Opsional,250gr,Omviral Online Shop,"DVD Tutorial Belajar PHP dan pemrograman - Membuat website dengan codeigniter dari nol sampai online untuk mereka yang mau upgrade skill dari programmer PHP basic.

CodeIgniter adalah salah satu framework PHP yang paling populer. dan banyak digunakan oleh para developer. digunakan untuk membuat sistem informasi/aplikasi atau pun website. ada banyak website yang dibangun menggunakan codeigniter. diantaranya adalah web sekolah, universitas, company profile, dan lain-lain.

Dan ada banyak juga aplikasi besar yang dibangun dengan menggunakan framework codeigniter. pada ebook tutorial ini teman-teman akan belajar CodeIgniter dari paling dasar. hingga step by step sampai materi advanced. sehingga tutorial ini sangat cocok untuk pemula.

DVD Tutorial Belajar PHP dan pemrograman - Membuat website dengan codeigniter dari nol sampai online akan membantu anda membangun aplikasi mulai dari nol dengan sangat cepat karena anda tinggal gunakan framework yang sudah ada dan ikuti aturan penulisan kodenya .

Studi kasus dari video tutorial ini adalah membuat sebuah CMS mulai dari nol dimana didalam sebuah cms itu sudah terdapat fungsi2 lengkap dari sebuah aplikasi web misalnya crud, transaksi, login user. sehingga diharapkan setelah anda menguasai materi dari video ini anda sudah mampu memiliki skill pemrograman untuk menulis kode membuat aplikasi web .

Apa saja materi yang anda dapatkan dalam DVD Tutorial Belajar PHP dan pemrograman - Membuat website dengan codeigniter dari nol sampai online :

1. Library yang digunakan untuk praktek diebook ini
2. materi berupa ebook.
3. software Pendukung sehingga anda tidak perlu repot lagi untuk download , tinggal install dan ikuti petunjuk dan praktekan apa yang didalam ebook.
4. full final source code yang dibahas pada ebook ini.
5. Bonus Template --> Admin LTE2.4.5 , devfolio, creativeagency-master, iconic-master, nexus- master

Plus Tambahan Bonus Via GDRIVE ebook php & mysql yang membantu anda yang belum pernah belajar PHP Dasar."
63,Paket Bundling Flutter (Happy Flutter&Enjoy Flutter&Love is Flutter),Rp481.500,Terjual 104 Produk,Baru,Opsional,900gr,Udacoding Store,"Buku Pemrograman Membuat Aplikasi Android dan iOS menggunakan Flutter.

Jual Buku Flutter.

Membuat Aplikasi Android dan iOS menggunakan Flutter dari level Basic, Advance hingga Study Kasus pengerjaan Project.

Daftar Isi Buku

1. Happy Flutter
Pengenalan Dart
Mengapa Dart
First Code on Dart.
Syntax pada Dart.
Tipe Data pada Dart
Parsing Number
String.
Sejarah Flutter .
SDK Versi Flutter.
Kelebihan Flutter
Penggunaan Flutter Studio
Install Flutter
Membuat Aplikasi Pertama Flutter
Perbedaan Stateless dan Stateful Widget
Layout
Appbar dan Tab Bar Widget.
Custom Widget
Notification Widget
Animasi Transisi
Pengiriman Value .
Pengembalian Data
Penggunaan Image Pada Flutter
Super Hero Grid View ‘Movie App
Berita Olahraga Apps
Membuat Apk dari Flutter
Upload Aplikasi ke Playstore
Menjalankan Project Flutter pada Mac OS dan Iphone
Export File .ipa dan upload to Appstore
Referensi.

2. Enjoy Flutter
Bloc Pattern Pada Flutter
Mengenal Bloc Pattern Pada Flutter
Implementasi Bloc Pattern Pada Flutter
RxDart Pada Flutter
Mengenal RxDart Dart Pada Flutter
Implementasi RxDart Pada Aplikasi Flutter
Apps Data Pegawai Realtime Database MySQL dan JSON
Pengenalan Realtime Database
Login dan register authentication gmail
Penambahan Data Pegawai
Update Data Pegawai
Menampikan List Data Pegawai
Menampilkan Detail Data Pegawai
Hapus data pegawai dari database
Aplikasi Pariwisata Indonesia dengan Database Firebase
Pengenalan aplikasi
Penggunaan google maps pada flutter
Design database pariwisata indonesia
Webservices untuk menampilkan data pariwisata indonesia
Menampilkan data pariwisata Indonesia
Menampilkan detail pariwisata Indonesia
Menampilkan Lokasi Wisata Indonesia

3. Love is Flutter
Pendahuluan
BAB I : Youtube Playlist API
Pengenalan Apa itu Youtube Playlist API
Penggunaan Webview

untuk daftar isi selengkapnya dari buku Love is Flutter bisa dilihat di
https://www.tokopedia.com/udacoding/love-is-flutter-intermediate-high-level-buku-flutter-seri-ke-3"
64,CEH: CERTIFIED ETHICAL HACKER 500% ILLEGAL/BUKU KOMPUTER/JASAKOM,Rp51.000,Terjual 127 Produk,Baru,Opsional,450gr,dunia baca bookstrore,"Think like' a hacker
Untuk mengalahkan hacker, anda harus berfikir dan bertindak seperti hacker..

Harga resmi Rp81.500

GRADE KW, JASAKOM

Melanjutkankan buku Best Seller CEH:100% illegal, CEH:200% illegal, CEH: 300% illegal dan CEH:400% illegal, dan CEH:500% illegal membahas modul lanjutan sertfikasi Certified Ethical Hacker yang belum dibahas pada buku-buku sebelumnya.

Pada buku ini, Anda akan melihat berbagai topik menarik dan juga berbagai alat bantu (tools) yang biasa digunakan oleh hacker dalam ‘bekerja’.

Pada seri ke-5 dari buku ini, Anda akan mempelajari tentang serangan DoS yang mampu mematikan situs-situs berskala dunia seperti bank dan lain-lain dan bagaimana proteksi terhadap serangan ini baik secara hardware maupun software. Anda juga akan mempelajari tentang robot-robot ‘pembunuh’, perampok komunikasi, dan lain sebagainya.

* DoS
* Botnet
* Session Hijacking
* Man in The Middle
* Dll

THINK LIKE A HACKER !
Untuk mengalahkan hacker, Anda harus berfikir & bertindak seperti hacker. Inilah yang anda pelajari di dalam modul CEH !"
65,TERMURAH ORIGINAL BUKU MATEMATIKA TEKNIK Untuk Perguruan Tinggi,Rp149.700,Terjual 24 Produk,Baru,Opsional,970gr,Gerai 212,"Selama barang tampil, berarti READY Kak..

Kelebihan buku komputer di Gerai 212:
1.Buku dijamin ORIGINAL 100% tersegel
2.HARGA MAHASISWA (Diskon 21,2%)
3.Packing Rapi
4.Pelayanan Cepat
5.Reputasi Toko 5.0

Silakan diORDER Kakak.. :)

Agar Lebih AMAN, Kakak bisa tambahkan Bubble Wrap dalam Orderan Kakak pada link dibawah ini:
https://www.tokopedia.com/gerai212/bubble-wrap-untuk-tambahan-packing-gerai-212?n=1

Pengarang : Ratnadewi
Penerbit : Rekayasa Sains
Tahun Terbit : 2019
Tebal : 873 Hal

Pembahasan :
Menggambar Grafik dan Sketsa Suatu Persamaan
Fungsi
Limit dan
Fungsi Kontinu
Turunan
Penggunaan Turunan
Fungsi Transenden
Integral
Teknik Pengintegralan
Penggunaan Integral
Irisan Kerucut
dan Koordinat Kutub
Turunan Dalam Ruang Dimensi-n
Integral dalam
Ruang-n
Persamaan Diferensial
Bilangan Kompleks
Integrasi
Kompleks
Barisan dan Deret Tak Terhingga
Deret Pangkat | Deret
Taylor dan Deret Maclaurin
Deret Laurent dan Integral Residu
Sistem
Persamaan Linear dan Matriks
Konsep Matriks dan Operasi Matriks
Vektor Ruang D-2, D-3
Transformasi Linear
Ruang Vektor Euclidean
Kalkulus Diferensial Vektor
Integral Garis, Integral Permukaan, dan
Integral Volume
Teorema Integral

buki ini menyajikan teori-teori secara singkat dan pemecahan masalah sistematis yang berhubungan dengan: sistem bilangan, grafik, fungsi, limit, turunan (diferensial), penggunaan turunan, fungsi transenden, integral, teknik pengintegralan, pengguanaan integral, irisan kerucut dan koordinat kutub, turunan dalam ruang dimensi-n, persamaan diferensial, bilangan kompleks, integrasi kompleks, barisan dan deret tak terhingga, deret pangkat, deret taylor dan deret maclaurin, deret laurent dan integral residu, sistem persamaan linear dan matriks, konsep matriks dan operasi matriks, vektorruang D-2 dan D-3, transformasi linear, ruang vektor euclidean, kalkulus diferensial vektor, integral garis, integral permukaan, dan integral volume, teorema integral."
66,Membuat Website Dengan CodeIgniter Dari NOL Sampai ONLINE Ke Hosting,Rp120.000,Terjual 219 Produk,Baru,Opsional,300gr,Tutorial Pemrograman,"Daftar Isi Ebook Membuat Website Dengan CodeIgniter Dari NOL Sampai ONLINE

TUTORIAL CODEIGNITER “ Membuat CMS Website Dengan CodeIgniter Dari NOL Sampai ONLINE Ke Hosting“
Membuat CMS Website Sendiri Dari Nol Sampai Online Dengan Codeigniter

Persiapan Awal Membuat CMS Website Dengan CodeIgniter
Instalasi Project CodeIgniter
Membuat Database
Koneksi Database Codeigniter
Konfigurasi base_url Codeigniter
Load Helper dan Library
Enkripsi Session CodeIgniter
Menghilangkan index.php dari URL CodeIgniter
Template Dashboard AdminLTE
Download AdminLTE
Integrasi AdminLTE ke CodeIgniter
Membuat Login Website
Membuat Table Pengguna
Membuat Form Login Dengan AdminLTE
Membuat Login Multi Level Website
Membuat Dashboard Pengguna
Membuat Dahboard Pengguna
Membuat Template Dashboard Admin Dinamis
Membuat Fitur Logout
Membuat Fitur Ganti Password
Membuat CRUD Kategori
Membuat Table Kategori
Membuat CRUD K
Apa Saja Yang Didapat Dalam Paket Ebook Ini ?
Teman-teman tidak hanya mendapat materi ebook dalam bentuk PDF, tapi teman-teman juga dapat full source code project yang sudah siapnya, berikut isi paket ebook Membuat Website Dengan CodeIgniter Dari NOL Sampai ONLINE.

Materi Membuat Website Dengan CodeIgniter Dari NOL Sampai ONLINE.
FULL SOURCE CODE WEBSITE yang sudah siap.
Template AdminLTE dan Template DevFolio yang digunakan.
Bonus beberapa template website
Software Pendukung

Membuat Website Dengan CodeIgniter - ayo tunggu apalagi, dengan 120.000 teman-teman sudah bisa mendapatkan tutorial codeigniter terbaik dan terlengkap.

Untuk detail materinya bisa di baca di sini :
https://www.malasngoding.com/product/membuat-website-dengan-codeigniter/"
67,Buku Konsep dan Implementasi Pemrograman laravel 7 Edisi Best Practice,Rp57.400,Terjual 58 Produk,Baru,Ya,500gr,Omviral Online Shop,"Buku laravel 7 terbaik saat ini baru terbit tanggal 15 Juni 2020 bisa segera anda miliki sekarang juga

Sejak tahun 2016 buku konsep dan implementansi pemrograman laravel menjadi buku panduan terbaik ( BEST SELLER ) dalam mempelajari laravel. tidak seperti framework PHP berskala kecil yang relatif mudah di pelajari. laravel cukup sulit untuk dikuasai, terutama bagi pemula, karena kompleksitas yang ada didalamnya untuk itulah, dibutuhkan panduan yang tepat untuk menguasai laravel.

Dalam edisi best practise ini tetap mempertahankan struktur dan sistematis buku sebelumnya, namun banyak update tidak hanya versi seperti koding yang disederhanakan sedemikian ruap, sehingga lebih mudah dipelajari . disertakan juga alur / diagram dan ilustrasi serta materi baru / proyek admin gallery system.

buku ini akan membantu anda untuk mempelajari laravel 7 dengan cara mudah disajikan dalam bentuk langkah demi langkah. setiap materi disertai. studi kasus bahkan beberapa materi tidak ada dalam dokumentasi resmi laravel.

1. Installasi laravel
2. composer dan artisan
3. memahami routing
4. blade template engine
5. flash message
6. easy crud
7. validation dan pagination
8. penggunaan view dan controller
9. teknk upload file/ foto
10. resize image (thumbs )
11. admin system ( back end )
12. Halaman pengunjung front end
13. integrasi template admin ke laravel
14. eloquent relationship one to many
15. seo url friendly
16. membuat modul album
17. membuat modul galeri foto
18. membuat modul manajemen user
19. upload proyek laravel ke hosting
20. authentication ( login/ level user )
21. security modul dengan middleware

#buku_laravel #buku_laravel_vue #buku_laravel_7 #buku_laravel_gramedia #buku_laravel_terbaik"
68,Buku Dasar pemrograman C++ disertai dengan pengenalan pemrograman,Rp35.000,Terjual 26 Produk,Baru,Opsional,192gr,Buku ID,"Buku ini merupakan buku dasar dikhususkan bagi para pembaca yang baru mempelajari bahasa pemrograman untuk pertama kali. Namun bagi para pembaca yang sudah mahir tidak tertutup kemungkinan untuk mencobanya. Soource code yang ada di buku ini bisa diterapkan pada Turbo C++ dan Borland C++.Pembahasan buku mencakup: Variabel dan Konstanta Basic Input Output Struktur Percabangan & Struktur Perulangan Larik Numerik Pointer (Pengenalan), Fungsi, & Function Overloading Template Fungsi dan Struktur Data Pengenalan pada Konsep Pemrograman Berorientasi Obyek Inheritance Polymorphisme.

Format : Soft Cover
ISBN : 9797635821
ISBN13 : 9789797635824
Tanggal Terbit : September 2006
Bahasa : Indonesia
Halaman : 106"
69,"Cracking the Coding Interview, 6th Edition",Rp175.000,Terjual 61 Produk,Baru,Opsional,1250gr,Milatifa_Wardoyo,"Buku ini Non Original

Title : Cracking the Coding Interview, 6th Edition: 189 Programming Questions and Solutions
Author(s): Gayle Laakmann McDowell
Publisher: CareerCup
Year : 2015
Edition : 6th
Language: English
Pages : 712

I am not a recruiter. I am a software engineer. And as such, I know what it's like to be asked to whip up brilliant algorithms on the spot and then write flawless code on a whiteboard. I've been through this as a candidate and as an interviewer.
Cracking the Coding Interview, 6th Edition is here to help you through this process, teaching you what you need to know and enabling you to perform at your very best. I've coached and interviewed hundreds of software engineers. The result is this book.
Learn how to uncover the hints and hidden details in a question, discover how to break down a problem into manageable chunks, develop techniques to unstick yourself when stuck, learn (or re-learn) core computer science concepts, and practice on 189 interview questions and solutions.
These interview questions are real; they are not pulled out of computer science textbooks. They reflect what's truly being asked at the top companies, so that you can be as prepared as possible. WHAT'S INSIDE? 189 programming interview questions, ranging from the basics to the trickiest algorithm problems. A walk-through of how to derive each solution, so that you can learn how to get there yourself. Hints on how to solve each of the 189 questions, just like what you would get in a real interview. Five proven strategies to tackle algorithm questions, so that you can solve questions you haven't seen. Extensive coverage of essential topics, such as big O time, data structures, and core algorithms. A behind the scenes look at how top companies like Google and Facebook hire developers. Techniques to prepare for and ace the soft side of the interview: behavioral questions. For interviewers and companies: details on what ma"
70,buku Belajar Otodidak Flask Framework Python Budi Raharjo Informatika,Rp50.000,Terjual 6 Produk,Baru,Opsional,450gr,Jovans Book Store,"Judul Buku : Belajar Otodidak Flask Framework Python untuk Pengembangan Aplikasi Web Disertai CD Gratis
Pengarang : Budi Raharjo
Penerbit : INFORMATIKA
Cetakan : Ke-1
Tahun Terbit : 2017
Bahasa : Indonesia
Jumlah Halaman : 244
Kertas Isi : HVS
Cover : Soft
Ukuran : 16 x 24
Harga : Rp 70.000 DISKON
Bayar : Rp 58800"
71,buku pemrograman web dengan PHP 7,Rp93.000,Terjual 1 Produk,Baru,Opsional,800gr,Jovans Book Store,"Penerbit informatika

Buku di jamin original 100%

Harga normal 120.000

Diskon 20%

Beli banyak lebih murah

Silakan di order:)"
72,,,,,,,,
73,,,,,,,,
74,,,,,,,,
